step,type,amount,oldbalanceOrg,newbalanceOrig,oldbalanceDest,newbalanceDest,isFraud,risky_type_flag,high_amount_flag,high_depletion_flag,destination_mismatch_flag,origin_depletion_ratio,amount_risk_bucket,fraud_signal_count,risk_tier
1,PAYMENT,9839.64,170136.0,160296.36,0.0,0.0,0,0,0,0,0,0.0578,Low,0,Low
1,PAYMENT,1864.28,21249.0,19384.72,0.0,0.0,0,0,0,0,0,0.0877,Low,0,Low
1,TRANSFER,181.0,181.0,0.0,0.0,0.0,1,1,0,1,1,1.0,Low,3,High
1,CASH_OUT,181.0,181.0,0.0,21182.0,0.0,1,1,0,1,1,1.0,Low,3,High
1,PAYMENT,11668.14,41554.0,29885.86,0.0,0.0,0,0,0,0,0,0.2808,Low,0,Low
1,PAYMENT,7817.71,53860.0,46042.29,0.0,0.0,0,0,0,0,0,0.1451,Low,0,Low
1,PAYMENT,7107.77,183195.0,176087.23,0.0,0.0,0,0,0,0,0,0.0388,Low,0,Low
1,PAYMENT,7861.64,176087.23,168225.59,0.0,0.0,0,0,0,0,0,0.0446,Low,0,Low
1,PAYMENT,4024.36,2671.0,0.0,0.0,0.0,0,0,0,1,0,1.5067,Low,1,Low
1,DEBIT,5337.77,41720.0,36382.23,41898.0,40348.79,0,0,0,0,0,0.1279,Low,0,Low
1,DEBIT,9644.94,4465.0,0.0,10845.0,157982.12,0,0,0,1,0,2.1601,Low,1,Low
1,PAYMENT,3099.97,20771.0,17671.03,0.0,0.0,0,0,0,0,0,0.1492,Low,0,Low
1,PAYMENT,2560.74,5070.0,2509.26,0.0,0.0,0,0,0,0,0,0.5051,Low,0,Low
1,PAYMENT,11633.76,10127.0,0.0,0.0,0.0,0,0,0,1,0,1.1488,Low,1,Low
1,PAYMENT,4098.78,503264.0,499165.22,0.0,0.0,0,0,0,0,0,0.0081,Low,0,Low
1,CASH_OUT,229133.94,15325.0,0.0,5083.0,51513.44,0,1,0,1,1,14.9516,Medium,3,High
1,PAYMENT,1563.82,450.0,0.0,0.0,0.0,0,0,0,1,0,3.4752,Low,1,Low
1,PAYMENT,1157.86,21156.0,19998.14,0.0,0.0,0,0,0,0,0,0.0547,Low,0,Low
1,PAYMENT,671.64,15123.0,14451.36,0.0,0.0,0,0,0,0,0,0.0444,Low,0,Low
1,TRANSFER,215310.3,705.0,0.0,22425.0,0.0,0,1,0,1,1,305.4047,Medium,3,High
1,PAYMENT,1373.43,13854.0,12480.57,0.0,0.0,0,0,0,0,0,0.0991,Low,0,Low
1,DEBIT,9302.79,11299.0,1996.21,29832.0,16896.7,0,0,0,0,0,0.8233,Low,0,Low
1,DEBIT,1065.41,1817.0,751.59,10330.0,0.0,0,0,0,0,0,0.5864,Low,0,Low
1,PAYMENT,3876.41,67852.0,63975.59,0.0,0.0,0,0,0,0,0,0.0571,Low,0,Low
1,TRANSFER,311685.89,10835.0,0.0,6267.0,2719172.89,0,1,0,1,1,28.7666,Medium,3,High
1,PAYMENT,6061.13,443.0,0.0,0.0,0.0,0,0,0,1,0,13.682,Low,1,Low
1,PAYMENT,9478.39,116494.0,107015.61,0.0,0.0,0,0,0,0,0,0.0814,Low,0,Low
1,PAYMENT,8009.09,10968.0,2958.91,0.0,0.0,0,0,0,0,0,0.7302,Low,0,Low
1,PAYMENT,8901.99,2958.91,0.0,0.0,0.0,0,0,0,1,0,3.0085,Low,1,Low
1,PAYMENT,9920.52,0.0,0.0,0.0,0.0,0,0,0,0,0,,Low,0,Low
1,PAYMENT,3448.92,0.0,0.0,0.0,0.0,0,0,0,0,0,,Low,0,Low
1,PAYMENT,4206.84,0.0,0.0,0.0,0.0,0,0,0,0,0,,Low,0,Low
1,PAYMENT,5885.56,0.0,0.0,0.0,0.0,0,0,0,0,0,,Low,0,Low
1,PAYMENT,5307.88,0.0,0.0,0.0,0.0,0,0,0,0,0,,Low,0,Low
1,PAYMENT,5031.22,0.0,0.0,0.0,0.0,0,0,0,0,0,,Low,0,Low
1,PAYMENT,24213.67,0.0,0.0,0.0,0.0,0,0,0,0,0,,Low,0,Low
1,PAYMENT,8603.42,253.0,0.0,0.0,0.0,0,0,0,1,0,34.0056,Low,1,Low
1,PAYMENT,2791.42,300481.0,297689.58,0.0,0.0,0,0,0,0,0,0.0093,Low,0,Low
1,PAYMENT,7413.54,297689.58,290276.03,0.0,0.0,0,0,0,0,0,0.0249,Low,0,Low
1,PAYMENT,3295.19,233633.0,230337.81,0.0,0.0,0,0,0,0,0,0.0141,Low,0,Low
1,PAYMENT,1684.81,297.0,0.0,0.0,0.0,0,0,0,1,0,5.6728,Low,1,Low
1,DEBIT,5758.59,32604.0,26845.41,209699.0,16997.22,0,0,0,0,0,0.1766,Low,0,Low
1,CASH_OUT,110414.71,26845.41,0.0,288800.0,2415.16,0,1,0,1,1,4.113,Low,3,High
1,PAYMENT,7823.46,998.0,0.0,0.0,0.0,0,0,0,1,0,7.8391,Low,1,Low
1,PAYMENT,5086.48,0.0,0.0,0.0,0.0,0,0,0,0,0,,Low,0,Low
1,PAYMENT,5281.48,152019.0,146737.52,0.0,0.0,0,0,0,0,0,0.0347,Low,0,Low
1,PAYMENT,13875.98,15818.0,1942.02,0.0,0.0,0,0,0,0,0,0.8772,Low,0,Low
1,CASH_OUT,56953.9,1942.02,0.0,70253.0,64106.18,0,1,0,1,1,29.3271,Low,3,High
1,CASH_OUT,5346.89,0.0,0.0,652637.0,6453430.91,0,1,0,0,1,,Low,2,Medium
1,PAYMENT,2204.04,586.0,0.0,0.0,0.0,0,0,0,1,0,3.7612,Low,1,Low
1,PAYMENT,2641.47,23053.0,20411.53,0.0,0.0,0,0,0,0,0,0.1146,Low,0,Low
1,CASH_OUT,23261.3,20411.53,0.0,25742.0,0.0,0,1,0,1,1,1.1396,Low,3,High
1,PAYMENT,2330.64,203543.0,201212.36,0.0,0.0,0,0,0,0,0,0.0115,Low,0,Low
1,PAYMENT,1614.64,41276.0,39661.36,0.0,0.0,0,0,0,0,0,0.0391,Low,0,Low
1,PAYMENT,9164.71,47235.77,38071.06,0.0,0.0,0,0,0,0,0,0.194,Low,0,Low
1,PAYMENT,2970.97,38071.06,35100.09,0.0,0.0,0,0,0,0,0,0.078,Low,0,Low
1,PAYMENT,38.66,16174.0,16135.34,0.0,0.0,0,0,0,0,0,0.0024,Low,0,Low
1,PAYMENT,2252.44,1627.0,0.0,0.0,0.0,0,0,0,1,0,1.3844,Low,1,Low
1,TRANSFER,62610.8,79114.0,16503.2,517.0,8383.29,0,1,0,0,1,0.7914,Low,2,Medium
1,DEBIT,5529.13,8547.0,3017.87,10206.0,0.0,0,0,0,0,0,0.6469,Low,0,Low
1,CASH_OUT,82940.31,3017.87,0.0,132372.0,49864.36,0,1,0,1,1,27.4831,Low,3,High
1,DEBIT,4510.22,10256.0,5745.78,10697.0,0.0,0,0,0,0,0,0.4398,Low,0,Low
1,DEBIT,8727.74,882770.0,874042.26,12636.0,0.0,0,0,0,0,0,0.0099,Low,0,Low
1,PAYMENT,2599.46,874042.26,871442.79,0.0,0.0,0,0,0,0,0,0.003,Low,0,Low
1,DEBIT,4874.49,153.0,0.0,253104.0,0.0,0,0,0,1,0,31.8594,Low,1,Low
1,PAYMENT,6440.78,2192.0,0.0,0.0,0.0,0,0,0,1,0,2.9383,Low,1,Low
1,PAYMENT,4910.14,41551.0,36640.86,0.0,0.0,0,0,0,0,0,0.1182,Low,0,Low
1,PAYMENT,6444.64,12019.0,5574.36,0.0,0.0,0,0,0,0,0,0.5362,Low,0,Low
1,DEBIT,5149.66,4782.0,0.0,52752.0,24044.18,0,0,0,1,0,1.0769,Low,1,Low
1,PAYMENT,7292.16,216827.0,209534.84,0.0,0.0,0,0,0,0,0,0.0336,Low,0,Low
1,CASH_OUT,47458.86,209534.84,162075.98,52120.0,0.0,0,1,0,0,1,0.2265,Low,2,Medium
1,CASH_OUT,136872.92,162075.98,25203.05,217806.0,0.0,0,1,0,0,1,0.8445,Low,2,Medium
1,CASH_OUT,94253.33,25203.05,0.0,99773.0,965870.05,0,1,0,1,1,3.7398,Low,3,High
1,PAYMENT,2998.04,12030.0,9031.96,0.0,0.0,0,0,0,0,0,0.2492,Low,0,Low
1,PAYMENT,3454.08,9031.96,5577.88,0.0,0.0,0,0,0,0,0,0.3824,Low,0,Low
1,PAYMENT,4316.2,10999.0,6682.8,0.0,0.0,0,0,0,0,0,0.3924,Low,0,Low
1,PAYMENT,2131.84,224.0,0.0,0.0,0.0,0,0,0,1,0,9.5171,Low,1,Low
1,PAYMENT,12986.61,23350.0,10363.39,0.0,0.0,0,0,0,0,0,0.5562,Low,0,Low
1,TRANSFER,42712.39,10363.39,0.0,57901.66,24044.18,0,1,0,1,1,4.1215,Low,3,High
1,TRANSFER,77957.68,0.0,0.0,94900.0,22233.65,0,1,0,0,1,,Low,2,Medium
1,TRANSFER,17231.46,0.0,0.0,24672.0,0.0,0,1,0,0,1,,Low,2,Medium
1,TRANSFER,78766.03,0.0,0.0,103772.0,277515.05,0,1,0,0,1,,Low,2,Medium
1,TRANSFER,224606.64,0.0,0.0,354678.92,0.0,0,1,0,0,1,,Medium,2,Medium
1,TRANSFER,125872.53,0.0,0.0,348512.0,3420103.09,0,1,0,0,1,,Low,2,Medium
1,TRANSFER,379856.23,0.0,0.0,900180.0,19169204.93,0,1,0,0,1,,Medium,2,Medium
1,TRANSFER,1505626.01,0.0,0.0,29031.0,5515763.34,0,1,1,0,1,,Very High,3,High
1,TRANSFER,554026.99,0.0,0.0,579285.56,0.0,0,1,1,0,1,,High,3,High
1,TRANSFER,147543.1,0.0,0.0,223220.0,16518.36,0,1,0,0,1,,Low,2,Medium
1,TRANSFER,761507.39,0.0,0.0,1280036.23,19169204.93,0,1,1,0,1,,High,3,High
1,TRANSFER,1429051.47,0.0,0.0,2041543.62,19169204.93,0,1,1,0,1,,Very High,3,High
1,TRANSFER,358831.92,0.0,0.0,474384.53,3420103.09,0,1,0,0,1,,Medium,2,Medium
1,TRANSFER,367768.4,0.0,0.0,370763.1,16518.36,0,1,0,0,1,,Medium,2,Medium
1,TRANSFER,209711.11,0.0,0.0,399214.71,2415.16,0,1,0,0,1,,Medium,2,Medium
1,TRANSFER,583848.46,0.0,0.0,667778.0,2107778.11,0,1,1,0,1,,High,3,High
1,TRANSFER,1724887.05,0.0,0.0,3470595.1,19169204.93,0,1,1,0,1,,Very High,3,High
1,TRANSFER,710544.77,0.0,0.0,738531.5,16518.36,0,1,1,0,1,,High,3,High
1,TRANSFER,581294.26,0.0,0.0,5195482.15,19169204.93,0,1,1,0,1,,High,3,High
1,TRANSFER,11996.58,0.0,0.0,40255.0,0.0,0,1,0,0,1,,Low,2,Medium
1,PAYMENT,2875.1,15443.0,12567.9,0.0,0.0,0,0,0,0,0,0.1862,Low,0,Low
1,PAYMENT,8586.98,3763.0,0.0,0.0,0.0,0,0,0,1,0,2.282,Low,1,Low
1,PAYMENT,871.75,19869.0,18997.25,0.0,0.0,0,0,0,0,0,0.0439,Low,0,Low
1,PAYMENT,1035.36,71636.0,70600.64,0.0,0.0,0,0,0,0,0,0.0145,Low,0,Low
1,PAYMENT,1063.53,83084.0,82020.47,0.0,0.0,0,0,0,0,0,0.0128,Low,0,Low
1,PAYMENT,1019.9,204237.0,203217.1,0.0,0.0,0,0,0,0,0,0.005,Low,0,Low
1,PAYMENT,4059.38,26304.0,22244.62,0.0,0.0,0,0,0,0,0,0.1543,Low,0,Low
1,PAYMENT,1876.44,182.0,0.0,0.0,0.0,0,0,0,1,0,10.3101,Low,1,Low
1,CASH_OUT,28404.6,0.0,0.0,51744.0,0.0,0,1,0,0,1,,Low,2,Medium
1,CASH_OUT,75405.1,0.0,0.0,104209.0,46462.23,0,1,0,0,1,,Low,2,Medium
1,CASH_OUT,50101.88,0.0,0.0,67684.0,9940339.29,0,1,0,0,1,,Low,2,Medium
1,CASH_OUT,14121.82,0.0,0.0,52679.0,10963.66,0,1,0,0,1,,Low,2,Medium
1,CASH_OUT,78292.91,0.0,0.0,121112.0,95508.95,0,1,0,0,1,,Low,2,Medium
1,CASH_OUT,176149.9,0.0,0.0,259813.0,46820.71,0,1,0,0,1,,Low,2,Medium
1,CASH_OUT,212228.35,0.0,0.0,429747.0,1178808.14,0,1,0,0,1,,Medium,2,Medium
1,CASH_OUT,85423.63,0.0,0.0,5776776.41,19169204.93,0,1,0,0,1,,Low,2,Medium
1,CASH_OUT,11648.5,0.0,0.0,260976.0,971418.91,0,1,0,0,1,,Low,2,Medium
1,PAYMENT,6165.58,20925.0,14759.42,0.0,0.0,0,0,0,0,0,0.2947,Low,0,Low
1,PAYMENT,3705.83,41903.46,38197.63,0.0,0.0,0,0,0,0,0,0.0884,Low,0,Low
1,CASH_OUT,419801.4,38197.63,0.0,499962.0,1517262.16,0,1,0,1,1,10.9902,Medium,3,High
1,CASH_OUT,335416.51,144478.0,0.0,295.0,52415.15,0,1,0,1,1,2.3216,Medium,3,High
1,PAYMENT,3372.29,41398.0,38025.71,0.0,0.0,0,0,0,0,0,0.0815,Low,0,Low
1,PAYMENT,661.43,14078.0,13416.57,0.0,0.0,0,0,0,0,0,0.047,Low,0,Low
1,DEBIT,864.68,69836.0,68971.32,12040.0,43691.09,0,0,0,0,0,0.0124,Low,0,Low
1,PAYMENT,1203.44,29941.0,28737.56,0.0,0.0,0,0,0,0,0,0.0402,Low,0,Low
1,TRANSFER,330757.04,103657.0,0.0,79676.0,1254956.07,0,1,0,1,1,3.1909,Medium,3,High
1,PAYMENT,1915.43,11450.0,9534.57,0.0,0.0,0,0,0,0,0,0.1673,Low,0,Low
1,PAYMENT,8.73,81313.0,81304.27,0.0,0.0,0,0,0,0,0,0.0001,Low,0,Low
1,DEBIT,3058.8,18138.0,15079.2,11054.0,8917.54,0,0,0,0,0,0.1686,Low,0,Low
1,PAYMENT,5154.97,9476.0,4321.03,0.0,0.0,0,0,0,0,0,0.544,Low,0,Low
1,PAYMENT,5213.25,36380.0,31166.75,0.0,0.0,0,0,0,0,0,0.1433,Low,0,Low
1,PAYMENT,5392.75,50757.0,45364.25,0.0,0.0,0,0,0,0,0,0.1062,Low,0,Low
1,PAYMENT,25.12,61663.0,61637.88,0.0,0.0,0,0,0,0,0,0.0004,Low,0,Low
1,PAYMENT,17150.89,61637.88,44486.99,0.0,0.0,0,0,0,0,0,0.2783,Low,0,Low
1,TRANSFER,679502.24,290.0,0.0,171866.0,3940085.21,0,1,1,1,1,2343.1112,High,4,Critical
1,TRANSFER,177652.91,23720.0,0.0,55.0,4894.45,0,1,0,1,1,7.4896,Low,3,High
1,PAYMENT,5443.26,236997.0,231553.74,0.0,0.0,0,0,0,0,0,0.023,Low,0,Low
1,PAYMENT,244.87,257978.49,257733.62,0.0,0.0,0,0,0,0,0,0.0009,Low,0,Low
1,PAYMENT,8281.57,257733.62,249452.05,0.0,0.0,0,0,0,0,0,0.0321,Low,0,Low
1,PAYMENT,1175.59,20509.0,19333.41,0.0,0.0,0,0,0,0,0,0.0573,Low,0,Low
1,PAYMENT,1097.74,24866.0,23768.26,0.0,0.0,0,0,0,0,0,0.0441,Low,0,Low
1,TRANSFER,184986.8,39588.0,0.0,52340.0,97263.78,0,1,0,1,1,4.6728,Low,3,High
1,PAYMENT,1718.29,117811.0,116092.71,0.0,0.0,0,0,0,0,0,0.0146,Low,0,Low
1,PAYMENT,3671.32,100094.0,96422.68,0.0,0.0,0,0,0,0,0,0.0367,Low,0,Low
1,DEBIT,3580.26,2565.0,0.0,21185.0,18910.85,0,0,0,1,0,1.3958,Low,1,Low
1,PAYMENT,8550.9,40060.0,31509.1,0.0,0.0,0,0,0,0,0,0.2135,Low,0,Low
1,PAYMENT,9753.55,60829.0,51075.45,0.0,0.0,0,0,0,0,0,0.1603,Low,0,Low
1,PAYMENT,3026.98,31139.0,28112.02,0.0,0.0,0,0,0,0,0,0.0972,Low,0,Low
1,CASH_OUT,467177.03,28112.02,0.0,975121.0,22190.99,0,1,0,1,1,16.6184,Medium,3,High
1,DEBIT,3875.99,259138.0,255262.01,608925.82,2415.16,0,0,0,0,0,0.015,Low,0,Low
1,PAYMENT,2148.89,31213.0,29064.11,0.0,0.0,0,0,0,0,0,0.0688,Low,0,Low
1,PAYMENT,466.97,80030.0,79563.03,0.0,0.0,0,0,0,0,0,0.0058,Low,0,Low
1,CASH_OUT,154139.72,79563.03,0.0,410433.04,1254956.07,0,1,0,1,1,1.9373,Low,3,High
1,CASH_OUT,82685.93,0.0,0.0,833216.44,3420103.09,0,1,0,0,1,,Low,2,Medium
1,CASH_OUT,83857.23,0.0,0.0,215457.59,16997.22,0,1,0,0,1,,Low,2,Medium
1,CASH_OUT,99109.77,0.0,0.0,299314.82,16997.22,0,1,0,0,1,,Low,2,Medium
1,CASH_OUT,187726.67,0.0,0.0,190573.0,1567434.81,0,1,0,0,1,,Low,2,Medium
1,CASH_OUT,281339.92,0.0,0.0,612801.81,2415.16,0,1,0,0,1,,Medium,2,Medium
1,CASH_OUT,186447.51,0.0,0.0,5862200.03,19169204.93,0,1,0,0,1,,Low,2,Medium
1,CASH_OUT,81029.86,0.0,0.0,105343.0,8496.61,0,1,0,0,1,,Low,2,Medium
1,CASH_OUT,139054.95,0.0,0.0,182538.03,277515.05,0,1,0,0,1,,Low,2,Medium
1,CASH_OUT,154716.2,0.0,0.0,187433.0,3461666.05,0,1,0,0,1,,Low,2,Medium
1,CASH_OUT,53631.83,0.0,0.0,83244.0,0.0,0,1,0,0,1,,Low,2,Medium
1,CASH_OUT,289645.52,0.0,0.0,871442.79,1412484.09,0,1,0,0,1,,Medium,2,Medium
1,CASH_OUT,267148.82,0.0,0.0,641975.35,1178808.14,0,1,0,0,1,,Medium,2,Medium
1,CASH_OUT,47913.58,0.0,0.0,51304.0,0.0,0,1,0,0,1,,Low,2,Medium
1,CASH_OUT,193605.38,0.0,0.0,249452.05,0.0,0,1,0,0,1,,Low,2,Medium
1,CASH_OUT,344464.4,0.0,0.0,1133312.56,0.0,0,1,0,0,1,,Medium,2,Medium
1,CASH_OUT,169409.87,0.0,0.0,909124.16,1178808.14,0,1,0,0,1,,Low,2,Medium
1,CASH_OUT,25793.74,0.0,0.0,215312.31,49864.36,0,1,0,0,1,,Low,2,Medium
1,CASH_OUT,114712.48,0.0,0.0,145400.0,0.0,0,1,0,0,1,,Low,2,Medium
1,CASH_OUT,89038.75,0.0,0.0,189808.0,1186556.81,0,1,0,0,1,,Low,2,Medium
1,CASH_OUT,1341.58,0.0,0.0,80341.0,557537.26,0,1,0,0,1,,Low,2,Medium
1,CASH_OUT,44443.08,0.0,0.0,6048647.54,19169204.93,0,1,0,0,1,,Low,2,Medium
1,CASH_OUT,34729.64,0.0,0.0,44853.0,96.88,0,1,0,0,1,,Low,2,Medium
1,CASH_OUT,105979.34,0.0,0.0,435962.9,46820.71,0,1,0,0,1,,Low,2,Medium
1,CASH_OUT,57794.61,0.0,0.0,99217.58,0.0,0,1,0,0,1,,Low,2,Medium
1,CASH_OUT,15918.79,0.0,0.0,24553.0,0.0,0,1,0,0,1,,Low,2,Medium
1,CASH_OUT,19162.08,0.0,0.0,60169.0,215851.28,0,1,0,0,1,,Low,2,Medium
1,CASH_OUT,220691.42,0.0,0.0,6093090.62,19169204.93,0,1,0,0,1,,Medium,2,Medium
1,CASH_OUT,9536.54,0.0,0.0,49161.0,130747.56,0,1,0,0,1,,Low,2,Medium
1,CASH_OUT,29784.06,0.0,0.0,63553.0,0.0,0,1,0,0,1,,Low,2,Medium
1,CASH_OUT,190445.51,0.0,0.0,203679.0,2107965.39,0,1,0,0,1,,Low,2,Medium
1,CASH_OUT,57279.11,0.0,0.0,127206.9,64106.18,0,1,0,0,1,,Low,2,Medium
1,CASH_OUT,112086.81,0.0,0.0,292728.0,55974.56,0,1,0,0,1,,Low,2,Medium
1,CASH_OUT,80311.89,0.0,0.0,87408.0,63112.23,0,1,0,0,1,,Low,2,Medium
1,CASH_OUT,151829.91,0.0,0.0,1161088.31,1412484.09,0,1,0,0,1,,Low,2,Medium
1,CASH_OUT,26004.52,0.0,0.0,52251.58,0.0,0,1,0,0,1,,Low,2,Medium
1,CASH_OUT,3146.16,0.0,0.0,9471.0,593737.38,0,1,0,0,1,,Low,2,Medium
1,CASH_OUT,296752.75,0.0,0.0,404814.81,55974.56,0,1,0,0,1,,Medium,2,Medium
1,CASH_OUT,191702.06,0.0,0.0,272624.5,971418.91,0,1,0,0,1,,Low,2,Medium
1,CASH_OUT,365510.05,0.0,0.0,564572.76,1254956.07,0,1,0,0,1,,Medium,2,Medium
1,CASH_OUT,202332.08,0.0,0.0,342149.2,3461666.05,0,1,0,0,1,,Medium,2,Medium
1,CASH_OUT,55105.9,0.0,0.0,317952.89,2719172.89,0,1,0,0,1,,Low,2,Medium
1,CASH_OUT,171508.59,0.0,0.0,443057.43,0.0,0,1,0,0,1,,Low,2,Medium
1,CASH_OUT,178439.26,0.0,0.0,278846.75,1186556.81,0,1,0,0,1,,Low,2,Medium
1,CASH_OUT,88834.86,0.0,0.0,464326.57,971418.91,0,1,0,0,1,,Low,2,Medium
1,CASH_OUT,210370.09,0.0,0.0,1442298.03,22190.99,0,1,0,0,1,,Medium,2,Medium
1,CASH_OUT,36437.06,0.0,0.0,154606.0,1363368.51,0,1,0,0,1,,Low,2,Medium
1,CASH_OUT,82691.56,0.0,0.0,657983.89,6453430.91,0,1,0,0,1,,Low,2,Medium
1,CASH_OUT,338767.1,0.0,0.0,544481.28,3461666.05,0,1,0,0,1,,Medium,2,Medium
1,CASH_OUT,187728.59,0.0,0.0,394124.51,2107965.39,0,1,0,0,1,,Low,2,Medium
1,CASH_OUT,271002.7,0.0,0.0,851368.24,3940085.21,0,1,0,0,1,,Medium,2,Medium
1,CASH_OUT,323105.08,0.0,0.0,378299.67,1567434.81,0,1,0,0,1,,Medium,2,Medium
1,CASH_OUT,10782.94,0.0,0.0,100585.0,0.0,0,1,0,0,1,,Low,2,Medium
1,CASH_OUT,89962.11,0.0,0.0,157012.19,0.0,0,1,0,0,1,,Low,2,Medium
1,CASH_OUT,101940.14,0.0,0.0,105362.0,92307.65,0,1,0,0,1,,Low,2,Medium
1,CASH_OUT,163100.34,0.0,0.0,1078534.03,1178808.14,0,1,0,0,1,,Low,2,Medium
1,CASH_OUT,136030.66,0.0,0.0,136875.83,0.0,0,1,0,0,1,,Low,2,Medium
1,CASH_OUT,68912.23,0.0,0.0,237326.8,97263.78,0,1,0,0,1,,Low,2,Medium
1,CASH_OUT,73464.06,0.0,0.0,444779.0,4619798.56,0,1,0,0,1,,Low,2,Medium
1,CASH_OUT,106117.28,0.0,0.0,234216.94,51513.44,0,1,0,0,1,,Low,2,Medium
1,CASH_OUT,503333.79,0.0,0.0,553161.42,971418.91,0,1,1,0,1,,High,3,High
1,CASH_OUT,71991.42,0.0,0.0,81682.58,557537.26,0,1,0,0,1,,Low,2,Medium
1,CASH_OUT,91379.93,0.0,0.0,1241634.38,1178808.14,0,1,0,0,1,,Low,2,Medium
1,CASH_OUT,26759.05,0.0,0.0,581853.1,2107965.39,0,1,0,0,1,,Low,2,Medium
1,CASH_OUT,128487.35,0.0,0.0,701404.75,1567434.81,0,1,0,0,1,,Low,2,Medium
1,CASH_OUT,252908.87,0.0,0.0,919763.4,1517262.16,0,1,0,0,1,,Medium,2,Medium
1,CASH_OUT,64489.64,0.0,0.0,398424.59,16997.22,0,1,0,0,1,,Low,2,Medium
1,CASH_OUT,171369.73,0.0,0.0,1122370.94,3940085.21,0,1,0,0,1,,Low,2,Medium
1,PAYMENT,4493.29,8258.0,3764.71,0.0,0.0,0,0,0,0,0,0.5441,Low,0,Low
1,PAYMENT,12121.5,97058.0,84936.5,0.0,0.0,0,0,0,0,0,0.1249,Low,0,Low
1,PAYMENT,2278.19,290.0,0.0,0.0,0.0,0,0,0,1,0,7.8558,Low,1,Low
1,PAYMENT,7707.44,99827.0,92119.56,0.0,0.0,0,0,0,0,0,0.0772,Low,0,Low
1,PAYMENT,4013.02,92119.56,88106.55,0.0,0.0,0,0,0,0,0,0.0436,Low,0,Low
1,PAYMENT,5775.15,132329.0,126553.85,0.0,0.0,0,0,0,0,0,0.0436,Low,0,Low
1,PAYMENT,4843.93,51718.0,46874.07,0.0,0.0,0,0,0,0,0,0.0937,Low,0,Low
1,PAYMENT,2397.82,20421.0,18023.18,0.0,0.0,0,0,0,0,0,0.1174,Low,0,Low
1,PAYMENT,4391.44,228.0,0.0,0.0,0.0,0,0,0,1,0,19.2607,Low,1,Low
1,DEBIT,4497.87,107388.0,102890.13,19053.0,5417.23,0,0,0,0,0,0.0419,Low,0,Low
1,PAYMENT,7452.89,102397.0,94944.11,0.0,0.0,0,0,0,0,0,0.0728,Low,0,Low
1,PAYMENT,3930.81,6032.0,2101.19,0.0,0.0,0,0,0,0,0,0.6517,Low,0,Low
1,CASH_OUT,71532.24,2101.19,0.0,74956.0,97128.19,0,1,0,1,1,34.0437,Low,3,High
1,CASH_OUT,61159.51,0.0,0.0,340334.22,51513.44,0,1,0,0,1,,Low,2,Medium
1,CASH_OUT,12401.9,0.0,0.0,349763.0,0.0,0,1,0,0,1,,Low,2,Medium
1,CASH_OUT,32702.61,0.0,0.0,253053.0,31469.78,0,1,0,0,1,,Low,2,Medium
1,PAYMENT,6926.67,152927.0,146000.33,0.0,0.0,0,0,0,0,0,0.0453,Low,0,Low
1,PAYMENT,893.57,10676.0,9782.43,0.0,0.0,0,0,0,0,0,0.0837,Low,0,Low
1,TRANSFER,480222.51,11110.0,0.0,1293740.67,3940085.21,0,1,0,1,1,43.2243,Medium,3,High
1,PAYMENT,3608.41,11150.0,7541.59,0.0,0.0,0,0,0,0,0,0.3236,Low,0,Low
1,PAYMENT,5946.79,7541.59,1594.8,0.0,0.0,0,0,0,0,0,0.7885,Low,0,Low
1,PAYMENT,6099.96,42133.0,36033.04,0.0,0.0,0,0,0,0,0,0.1448,Low,0,Low
1,PAYMENT,372.34,65254.0,64881.66,0.0,0.0,0,0,0,0,0,0.0057,Low,0,Low
1,PAYMENT,4635.18,6313782.05,6309146.87,0.0,0.0,0,0,0,0,0,0.0007,Low,0,Low
1,PAYMENT,1267.97,6309146.87,6307878.9,0.0,0.0,0,0,0,0,0,0.0002,Low,0,Low
1,PAYMENT,6911.99,6307878.9,6300966.92,0.0,0.0,0,0,0,0,0,0.0011,Low,0,Low
1,PAYMENT,1795.67,6300966.92,6299171.25,0.0,0.0,0,0,0,0,0,0.0003,Low,0,Low
1,PAYMENT,3199.06,6299171.25,6295972.18,0.0,0.0,0,0,0,0,0,0.0005,Low,0,Low
1,PAYMENT,10265.17,6295972.18,6285707.02,0.0,0.0,0,0,0,0,0,0.0016,Low,0,Low
1,PAYMENT,9029.12,25480.0,16450.88,0.0,0.0,0,0,0,0,0,0.3544,Low,0,Low
1,PAYMENT,7600.57,50747.0,43146.43,0.0,0.0,0,0,0,0,0,0.1498,Low,0,Low
1,PAYMENT,2057.71,25132.0,23074.29,0.0,0.0,0,0,0,0,0,0.0819,Low,0,Low
1,PAYMENT,3823.08,10382.0,6558.92,0.0,0.0,0,0,0,0,0,0.3682,Low,0,Low
1,TRANSFER,2806.0,2806.0,0.0,0.0,0.0,1,1,0,1,1,1.0,Low,3,High
1,CASH_OUT,2806.0,2806.0,0.0,26202.0,0.0,1,1,0,1,1,1.0,Low,3,High
1,PAYMENT,6737.2,624.0,0.0,0.0,0.0,0,0,0,1,0,10.7968,Low,1,Low
1,PAYMENT,9161.98,11128.0,1966.02,0.0,0.0,0,0,0,0,0,0.8233,Low,0,Low
1,PAYMENT,1239.06,396386.0,395146.94,0.0,0.0,0,0,0,0,0,0.0031,Low,0,Low
1,PAYMENT,365.0,319.0,0.0,0.0,0.0,0,0,0,1,0,1.1442,Low,1,Low
1,PAYMENT,5237.54,27105.0,21867.46,0.0,0.0,0,0,0,0,0,0.1932,Low,0,Low
1,PAYMENT,2618.76,21867.46,19248.7,0.0,0.0,0,0,0,0,0,0.1198,Low,0,Low
1,PAYMENT,339.82,12076.0,11736.18,0.0,0.0,0,0,0,0,0,0.0281,Low,0,Low
1,DEBIT,1393.46,100068.0,98674.54,26446.0,318637.36,0,0,0,0,0,0.0139,Low,0,Low
1,PAYMENT,2731.37,17540.0,14808.63,0.0,0.0,0,0,0,0,0,0.1557,Low,0,Low
1,PAYMENT,8364.73,81.0,0.0,0.0,0.0,0,0,0,1,0,103.2683,Low,1,Low
1,PAYMENT,6598.71,16392.0,9793.29,0.0,0.0,0,0,0,0,0,0.4026,Low,0,Low
1,PAYMENT,4304.58,10708.0,6403.42,0.0,0.0,0,0,0,0,0,0.402,Low,0,Low
1,PAYMENT,2867.14,943.0,0.0,0.0,0.0,0,0,0,1,0,3.0404,Low,1,Low
1,PAYMENT,2946.38,0.0,0.0,0.0,0.0,0,0,0,0,0,,Low,0,Low
1,PAYMENT,507.12,87005.0,86497.88,0.0,0.0,0,0,0,0,0,0.0058,Low,0,Low
1,PAYMENT,3020.86,50361.0,47340.14,0.0,0.0,0,0,0,0,0,0.06,Low,0,Low
1,PAYMENT,8948.03,11137.0,2188.97,0.0,0.0,0,0,0,0,0,0.8035,Low,0,Low
1,CASH_OUT,280877.92,2188.97,0.0,462914.23,16997.22,0,1,0,1,1,128.3151,Medium,3,High
1,PAYMENT,1084.9,13727.0,12642.1,0.0,0.0,0,0,0,0,0,0.079,Low,0,Low
1,PAYMENT,9456.69,12642.1,3185.41,0.0,0.0,0,0,0,0,0,0.748,Low,0,Low
1,PAYMENT,5812.36,3185.41,0.0,0.0,0.0,0,0,0,1,0,1.8247,Low,1,Low
1,TRANSFER,157883.07,46547.0,0.0,72793.0,353532.56,0,1,0,1,1,3.3919,Low,3,High
1,PAYMENT,2734.77,4511.0,1776.23,0.0,0.0,0,0,0,0,0,0.6062,Low,0,Low
1,CASH_OUT,102153.86,1776.23,0.0,230676.07,353532.56,0,1,0,1,1,57.5116,Low,3,High
1,PAYMENT,584.52,15479.0,14894.48,0.0,0.0,0,0,0,0,0,0.0378,Low,0,Low
1,PAYMENT,6113.14,15629.0,9515.86,0.0,0.0,0,0,0,0,0,0.3911,Low,0,Low
1,CASH_OUT,369989.2,9515.86,0.0,518243.06,4619798.56,0,1,0,1,1,38.8813,Medium,3,High
1,CASH_OUT,215338.28,0.0,0.0,285755.61,31469.78,0,1,0,0,1,,Medium,2,Medium
1,CASH_OUT,65521.42,0.0,0.0,93337.06,0.0,0,1,0,0,1,,Low,2,Medium
1,CASH_OUT,116977.58,0.0,0.0,191043.06,1363368.51,0,1,0,0,1,,Low,2,Medium
1,CASH_OUT,262392.36,0.0,0.0,457286.01,1186556.81,0,1,0,0,1,,Medium,2,Medium
1,CASH_OUT,51121.05,0.0,0.0,308020.64,1363368.51,0,1,0,0,1,,Low,2,Medium
1,CASH_OUT,202624.59,0.0,0.0,1056495.21,971418.91,0,1,0,0,1,,Medium,2,Medium
1,CASH_OUT,118235.16,0.0,0.0,332829.93,353532.56,0,1,0,0,1,,Low,2,Medium
1,CASH_OUT,118056.71,0.0,0.0,272906.49,0.0,0,1,0,0,1,,Low,2,Medium
1,CASH_OUT,498960.91,0.0,0.0,608612.15,2107965.39,0,1,0,0,1,,Medium,2,Medium
1,CASH_OUT,691738.36,0.0,0.0,6285707.02,19169204.93,0,1,1,0,1,,High,3,High
1,CASH_OUT,58820.08,0.0,0.0,1107573.06,2107965.39,0,1,0,0,1,,Low,2,Medium
1,PAYMENT,4419.04,52951.0,48531.96,0.0,0.0,0,0,0,0,0,0.0835,Low,0,Low
1,PAYMENT,4270.02,9516.0,5245.98,0.0,0.0,0,0,0,0,0,0.4487,Low,0,Low
1,PAYMENT,3007.83,49905.0,46897.17,0.0,0.0,0,0,0,0,0,0.0603,Low,0,Low
1,PAYMENT,1824.59,25138.0,23313.41,0.0,0.0,0,0,0,0,0,0.0726,Low,0,Low
1,PAYMENT,993.46,19448.0,18454.54,0.0,0.0,0,0,0,0,0,0.0511,Low,0,Low
1,CASH_OUT,302693.14,18454.54,0.0,306239.03,97263.78,0,1,0,1,1,16.4021,Medium,3,High
1,PAYMENT,1445.06,10892.0,9446.94,0.0,0.0,0,0,0,0,0,0.1327,Low,0,Low
1,PAYMENT,4059.25,4186.0,126.75,0.0,0.0,0,0,0,1,0,0.9697,Low,1,Low
1,PAYMENT,3417.18,126.75,0.0,0.0,0.0,0,0,0,1,0,26.96,Low,1,Low
1,DEBIT,3428.95,147798.0,144369.05,1534657.01,5515763.34,0,0,0,0,0,0.0232,Low,0,Low
1,PAYMENT,5580.98,7781.0,2200.02,0.0,0.0,0,0,0,0,0,0.7173,Low,0,Low
1,DEBIT,3455.85,3509.0,53.15,1333014.31,1178808.14,0,0,0,1,0,0.9849,Low,1,Low
1,PAYMENT,7265.63,14508.0,7242.37,0.0,0.0,0,0,0,0,0,0.5008,Low,0,Low
1,PAYMENT,3852.64,1449076.27,1445223.63,0.0,0.0,0,0,0,0,0,0.0027,Low,0,Low
1,PAYMENT,7870.29,1445223.63,1437353.34,0.0,0.0,0,0,0,0,0,0.0054,Low,0,Low
1,DEBIT,12872.92,11197.0,0.0,51885.0,0.0,0,0,0,1,0,1.1497,Low,1,Low
1,PAYMENT,6675.34,10107.0,3431.66,0.0,0.0,0,0,0,0,0,0.6605,Low,0,Low
1,CASH_OUT,410201.89,21448.0,0.0,61613.0,424250.45,0,1,0,1,1,19.1254,Medium,3,High
1,PAYMENT,13310.78,0.0,0.0,0.0,0.0,0,0,0,0,0,,Low,0,Low
1,PAYMENT,664.35,102983.0,102318.65,0.0,0.0,0,0,0,0,0,0.0065,Low,0,Low
1,PAYMENT,2130.3,10958.0,8827.7,0.0,0.0,0,0,0,0,0,0.1944,Low,0,Low
1,PAYMENT,7771.4,8827.7,1056.3,0.0,0.0,0,0,0,0,0,0.8803,Low,0,Low
1,PAYMENT,36349.35,1056.3,0.0,0.0,0.0,0,0,0,1,0,34.412,Low,1,Low
1,PAYMENT,749.34,0.0,0.0,0.0,0.0,0,0,0,0,0,,Low,0,Low
1,PAYMENT,2340.34,0.0,0.0,0.0,0.0,0,0,0,0,0,,Low,0,Low
1,PAYMENT,9686.85,0.0,0.0,0.0,0.0,0,0,0,0,0,,Low,0,Low
1,PAYMENT,15785.85,0.0,0.0,0.0,0.0,0,0,0,0,0,,Low,0,Low
1,PAYMENT,9006.78,0.0,0.0,0.0,0.0,0,0,0,0,0,,Low,0,Low
1,PAYMENT,9014.95,0.0,0.0,0.0,0.0,0,0,0,0,0,,Low,0,Low
1,PAYMENT,14420.66,0.0,0.0,0.0,0.0,0,0,0,0,0,,Low,0,Low
1,PAYMENT,4802.31,0.0,0.0,0.0,0.0,0,0,0,0,0,,Low,0,Low
1,PAYMENT,28527.44,0.0,0.0,0.0,0.0,0,0,0,0,0,,Low,0,Low
1,PAYMENT,4182.93,0.0,0.0,0.0,0.0,0,0,0,0,0,,Low,0,Low
1,PAYMENT,4088.21,0.0,0.0,0.0,0.0,0,0,0,0,0,,Low,0,Low
1,PAYMENT,8491.9,0.0,0.0,0.0,0.0,0,0,0,0,0,,Low,0,Low
1,DEBIT,6666.78,11876.0,5209.22,24777.0,189534.74,0,0,0,0,0,0.5614,Low,0,Low
1,PAYMENT,6536.86,17319.0,10782.14,0.0,0.0,0,0,0,0,0,0.3774,Low,0,Low
1,CASH_OUT,40684.97,10782.14,0.0,49530.0,66575.5,0,1,0,1,1,3.7734,Low,3,High
1,PAYMENT,1553.21,31516.0,29962.79,0.0,0.0,0,0,0,0,0,0.0493,Low,0,Low
1,DEBIT,7344.92,0.0,0.0,185432.0,0.0,0,0,0,0,0,,Low,0,Low
1,CASH_OUT,106267.21,0.0,0.0,241106.05,49864.36,0,1,0,0,1,,Low,2,Medium
1,PAYMENT,5491.5,36605.0,31113.5,0.0,0.0,0,0,0,0,0,0.15,Low,0,Low
1,PAYMENT,3666.42,48117.0,44450.58,0.0,0.0,0,0,0,0,0,0.0762,Low,0,Low
1,PAYMENT,5507.18,36030.0,30522.82,0.0,0.0,0,0,0,0,0,0.1528,Low,0,Low
1,DEBIT,4565.14,30265.0,25699.86,829892.09,1567434.81,0,0,0,0,0,0.1508,Low,0,Low
1,PAYMENT,11348.71,734899.0,723550.29,0.0,0.0,0,0,0,0,0,0.0154,Low,0,Low
1,TRANSFER,123179.97,7215.0,0.0,12904.68,43691.09,0,1,0,1,1,17.0728,Low,3,High
1,PAYMENT,7073.6,0.0,0.0,0.0,0.0,0,0,0,0,0,,Low,0,Low
1,PAYMENT,2803.83,0.0,0.0,0.0,0.0,0,0,0,0,0,,Low,0,Low
1,PAYMENT,106.81,0.0,0.0,0.0,0.0,0,0,0,0,0,,Low,0,Low
1,PAYMENT,6297.71,762.0,0.0,0.0,0.0,0,0,0,1,0,8.2647,Low,1,Low
1,PAYMENT,2610.01,58697.54,56087.54,0.0,0.0,0,0,0,0,0,0.0445,Low,0,Low
1,PAYMENT,5320.1,56087.54,50767.43,0.0,0.0,0,0,0,0,0,0.0949,Low,0,Low
1,PAYMENT,1460.63,1132.0,0.0,0.0,0.0,0,0,0,1,0,1.2903,Low,1,Low
1,TRANSFER,522264.81,24.0,0.0,11361.0,2025098.66,0,1,1,1,1,21761.0338,High,4,Critical
1,DEBIT,3584.21,135496.0,131911.79,100614.05,24044.18,0,0,0,0,0,0.0265,Low,0,Low
1,PAYMENT,3704.97,24553.0,20848.03,0.0,0.0,0,0,0,0,0,0.1509,Low,0,Low
1,PAYMENT,2773.61,14332.0,11558.39,0.0,0.0,0,0,0,0,0,0.1935,Low,0,Low
1,PAYMENT,3896.42,11558.39,7661.97,0.0,0.0,0,0,0,0,0,0.3371,Low,0,Low
1,PAYMENT,18781.84,7661.97,0.0,0.0,0.0,0,0,0,1,0,2.4513,Low,1,Low
1,PAYMENT,6660.33,17710.0,11049.67,0.0,0.0,0,0,0,0,0,0.3761,Low,0,Low
1,TRANSFER,26923.42,11049.67,0.0,199404.91,95508.95,0,1,0,1,1,2.4366,Low,3,High
1,TRANSFER,53783.57,0.0,0.0,75514.0,420946.86,0,1,0,0,1,,Low,2,Medium
1,TRANSFER,80333.28,0.0,0.0,321592.98,277515.05,0,1,0,0,1,,Low,2,Medium
1,TRANSFER,211075.91,0.0,0.0,930082.81,1254956.07,0,1,0,0,1,,Medium,2,Medium
1,TRANSFER,100677.86,0.0,0.0,701567.56,55974.56,0,1,0,0,1,,Low,2,Medium
1,TRANSFER,473499.51,0.0,0.0,883248.39,3461666.05,0,1,0,0,1,,Medium,2,Medium
1,TRANSFER,1538200.39,0.0,0.0,6977445.38,19169204.93,0,1,1,0,1,,Very High,3,High
1,TRANSFER,2421578.09,0.0,0.0,8515645.77,19169204.93,0,1,1,0,1,,Very High,3,High
1,TRANSFER,1349670.68,0.0,0.0,1538085.96,5515763.34,0,1,1,0,1,,Very High,3,High
1,TRANSFER,314403.14,0.0,0.0,888232.25,4619798.56,0,1,0,0,1,,Medium,2,Medium
1,TRANSFER,1457213.54,0.0,0.0,10937223.86,19169204.93,0,1,1,0,1,,Very High,3,High
1,TRANSFER,180368.84,0.0,0.0,1437353.34,16518.36,0,1,0,0,1,,Low,2,Medium
1,TRANSFER,445038.71,0.0,0.0,802245.42,55974.56,0,1,0,0,1,,Medium,2,Medium
1,TRANSFER,1123206.66,0.0,0.0,1773963.18,3940085.21,0,1,1,0,1,,Very High,3,High
1,DEBIT,996.0,46132.0,45136.0,88106.55,1015132.48,0,0,0,0,0,0.0216,Low,0,Low
1,TRANSFER,176334.26,45136.0,0.0,1251626.46,2107778.11,0,1,0,1,1,3.9067,Low,3,High
1,TRANSFER,161217.61,0.0,0.0,199733.0,5602234.95,0,1,0,0,1,,Low,2,Medium
1,TRANSFER,108443.61,0.0,0.0,246974.3,0.0,0,1,0,0,1,,Low,2,Medium
1,TRANSFER,75442.68,0.0,0.0,80469.0,500631.71,0,1,0,0,1,,Low,2,Medium
1,TRANSFER,55536.86,0.0,0.0,915902.37,3420103.09,0,1,0,0,1,,Low,2,Medium
1,TRANSFER,438437.09,0.0,0.0,740675.45,6453430.91,0,1,0,0,1,,Medium,2,Medium
1,TRANSFER,928722.69,0.0,0.0,1259119.8,971418.91,0,1,1,0,1,,High,3,High
1,TRANSFER,1478772.04,0.0,0.0,1652668.12,22190.99,0,1,1,0,1,,Very High,3,High
1,TRANSFER,2545478.01,0.0,0.0,12394437.4,19169204.93,0,1,1,0,1,,Very High,3,High
1,TRANSFER,2061082.82,0.0,0.0,14939915.42,19169204.93,0,1,1,0,1,,Very High,3,High
1,TRANSFER,983479.66,0.0,0.0,3131440.16,22190.99,0,1,1,0,1,,High,3,High
1,TRANSFER,635507.97,0.0,0.0,834457.23,1567434.81,0,1,1,0,1,,High,3,High
1,TRANSFER,848231.57,0.0,0.0,4114919.82,22190.99,0,1,1,0,1,,High,3,High
1,TRANSFER,739112.93,0.0,0.0,1141158.73,1254956.07,0,1,1,0,1,,High,3,High
1,TRANSFER,324397.94,0.0,0.0,373058.79,2719172.89,0,1,0,0,1,,Medium,2,Medium
1,TRANSFER,982862.81,0.0,0.0,2187842.49,971418.91,0,1,1,0,1,,High,3,High
1,TRANSFER,955855.0,0.0,0.0,1179112.54,6453430.91,0,1,1,0,1,,High,3,High
1,TRANSFER,179253.24,0.0,0.0,179614.1,46462.23,0,1,0,0,1,,Low,2,Medium
1,PAYMENT,5446.88,666.0,0.0,0.0,0.0,0,0,0,1,0,8.1785,Low,1,Low
1,PAYMENT,648.64,873.0,224.36,0.0,0.0,0,0,0,0,0,0.743,Low,0,Low
1,PAYMENT,8494.71,11129.0,2634.29,0.0,0.0,0,0,0,0,0,0.7633,Low,0,Low
1,CASH_OUT,373068.26,20034.0,0.0,1427960.73,2107778.11,0,1,0,1,1,18.6218,Medium,3,High
1,CASH_IN,143236.26,0.0,143236.26,608932.17,97263.78,0,0,0,0,0,,Low,0,Low
1,CASH_IN,228451.89,143236.26,371688.15,719678.38,1186556.81,0,0,0,1,0,1.5949,Medium,1,Low
1,CASH_IN,35902.49,371688.15,407590.65,49003.3,0.0,0,0,0,0,0,0.0966,Low,0,Low
1,CASH_IN,232953.64,407590.65,640544.28,1172672.27,1517262.16,0,0,0,0,0,0.5715,Medium,0,Low
1,CASH_IN,65912.95,640544.28,706457.23,104198.26,24044.18,0,0,0,0,0,0.1029,Low,0,Low
1,CASH_IN,193492.68,706457.23,899949.91,1247284.13,55974.56,0,0,0,0,0,0.2739,Low,0,Low
1,CASH_IN,60836.64,899949.91,960786.56,143436.0,5203.54,0,0,0,0,0,0.0676,Low,0,Low
1,CASH_IN,62325.15,960786.56,1023111.71,1880271.66,1254956.07,0,0,0,0,0,0.0649,Low,0,Low
1,CASH_IN,349640.51,1023111.71,1372752.22,360950.61,5602234.95,0,0,0,0,0,0.3417,Medium,0,Low
1,CASH_IN,135324.19,1372752.22,1508076.41,1356747.89,3461666.05,0,0,0,0,0,0.0986,Low,0,Low
1,CASH_IN,380015.14,1508076.41,1888091.55,1336470.16,1178808.14,0,0,0,0,0,0.252,Medium,0,Low
1,CASH_IN,418688.27,1888091.55,2306779.82,956455.03,1178808.14,0,0,0,0,0,0.2218,Medium,0,Low
1,CASH_IN,311023.52,2306779.82,2617803.34,1477776.96,0.0,0,0,0,0,0,0.1348,Medium,0,Low
1,CASH_IN,151862.38,2617803.34,2769665.72,158858.48,0.0,0,0,0,0,0,0.058,Low,0,Low
1,CASH_IN,228710.05,2769665.72,2998375.78,743792.14,16997.22,0,0,0,0,0,0.0826,Medium,0,Low
1,CASH_IN,220431.09,2998375.78,3218806.87,2897169.84,3940085.21,0,0,0,0,0,0.0735,Medium,0,Low
1,CASH_IN,182861.45,3218806.87,3401668.32,192776.92,0.0,0,0,0,0,0,0.0568,Low,0,Low
1,CASH_IN,231881.5,3401668.32,3633549.82,894141.72,2415.16,0,0,0,0,0,0.0682,Medium,0,Low
1,CASH_IN,38071.17,3633549.82,3671620.98,122487.0,54985.05,0,0,0,0,0,0.0105,Low,0,Low
1,CASH_IN,87117.29,3671620.98,3758738.27,501093.89,31469.78,0,0,0,0,0,0.0237,Low,0,Low
1,CASH_IN,114271.72,3758738.27,3873009.99,3170705.3,971418.91,0,0,0,0,0,0.0304,Low,0,Low
1,CASH_IN,73199.1,3873009.99,3946209.08,401926.25,277515.05,0,0,0,0,0,0.0189,Low,0,Low
1,CASH_IN,764772.98,3946209.08,4710982.07,3056433.58,971418.91,0,0,1,0,0,0.1938,High,1,Low
1,CASH_IN,106847.36,4710982.07,4817829.42,335711.51,52415.15,0,0,0,0,0,0.0227,Low,0,Low
1,CASH_IN,6287.28,4817829.42,4824116.71,11274.0,0.0,0,0,0,0,0,0.0013,Low,0,Low
1,CASH_IN,24936.34,4824116.71,4849053.05,104408.0,42450.71,0,0,0,0,0,0.0052,Low,0,Low
1,CASH_IN,55837.16,4849053.05,4904890.21,66800.82,10963.66,0,0,0,0,0,0.0115,Low,0,Low
1,CASH_IN,63255.29,4904890.21,4968145.5,237735.3,0.0,0,0,0,0,0,0.0129,Low,0,Low
1,CASH_IN,104605.78,4968145.5,5072751.28,207302.14,92307.65,0,0,0,0,0,0.0211,Low,0,Low
1,CASH_IN,154160.82,5072751.28,5226912.1,157376.0,0.0,0,0,0,0,0,0.0304,Low,0,Low
1,CASH_IN,257348.03,5226912.1,5484260.13,2291660.6,971418.91,0,0,0,0,0,0.0492,Medium,0,Low
1,CASH_IN,201073.81,5484260.13,5685333.94,537766.76,1178808.14,0,0,0,0,0,0.0367,Medium,0,Low
1,CASH_IN,53560.68,5685333.94,5738894.62,172857.68,22233.65,0,0,0,0,0,0.0094,Low,0,Low
1,CASH_IN,334234.39,5738894.62,6073129.01,358867.35,46462.23,0,0,0,0,0,0.0582,Medium,0,Low
1,CASH_IN,227335.16,6073129.01,6300464.17,1817946.5,1254956.07,0,0,0,0,0,0.0374,Medium,0,Low
1,CASH_IN,134426.08,6300464.17,6434890.26,228864.16,52415.15,0,0,0,0,0,0.0213,Low,0,Low
1,CASH_IN,2643.45,6434890.26,6437533.71,49974.0,1891.79,0,0,0,0,0,0.0004,Low,0,Low
1,CASH_IN,134977.11,6437533.71,6572510.82,471814.89,424250.45,0,0,0,0,0,0.021,Low,0,Low
1,CASH_IN,25090.03,6572510.82,6597600.85,80148.6,0.0,0,0,0,0,0,0.0038,Low,0,Low
1,CASH_IN,147388.67,6597600.85,6744989.53,184486.01,64106.18,0,0,0,0,0,0.0223,Low,0,Low
1,CASH_IN,217615.09,6744989.53,6962604.61,971439.24,3420103.09,0,0,0,0,0,0.0323,Medium,0,Low
1,CASH_IN,355294.5,6962604.61,7317899.11,1469965.2,1567434.81,0,0,0,0,0,0.051,Medium,0,Low
1,CASH_IN,12336.48,7317899.11,7330235.59,21024.0,83845.22,0,0,0,0,0,0.0017,Low,0,Low
1,CASH_IN,349505.89,7330235.59,7679741.48,17000998.23,19169204.93,0,0,0,0,0,0.0477,Medium,0,Low
1,CASH_IN,285185.34,7679741.48,7964926.82,451065.09,353532.56,0,0,0,0,0,0.0371,Medium,0,Low
1,CASH_IN,132953.45,7964926.82,8097880.27,1617722.17,16518.36,0,0,0,0,0,0.0167,Low,0,Low
1,CASH_IN,214851.41,8097880.27,8312731.68,939718.63,1517262.16,0,0,0,0,0,0.0265,Medium,0,Low
1,CASH_IN,54988.56,8312731.68,8367720.25,60870.0,10588885.27,0,0,0,0,0,0.0066,Low,0,Low
1,CASH_IN,62871.06,8367720.25,8430591.3,177707.91,4894.45,0,0,0,0,0,0.0075,Low,0,Low
1,CASH_IN,61150.85,8430591.3,8491742.16,1166393.13,2107965.39,0,0,0,0,0,0.0073,Low,0,Low
1,CASH_IN,131409.27,8491742.16,8623151.43,290276.03,265092.36,0,0,0,0,0,0.0155,Low,0,Low
1,CASH_IN,10844.33,8623151.43,8633995.76,42274.0,290772.6,0,0,0,0,0,0.0013,Low,0,Low
1,PAYMENT,2054.84,22195.0,20140.16,0.0,0.0,0,0,0,0,0,0.0926,Low,0,Low
1,CASH_IN,313373.56,20140.16,333513.72,2034312.57,971418.91,0,0,0,1,0,15.5596,Medium,1,Low
1,CASH_IN,13289.87,333513.72,346803.59,78256.1,0.0,0,0,0,0,0,0.0398,Low,0,Low
1,CASH_IN,27070.11,346803.59,373873.7,70595.0,122750.49,0,0,0,0,0,0.0781,Low,0,Low
1,CASH_IN,127954.7,373873.7,501828.4,1590611.34,1254956.07,0,0,0,0,0,0.3422,Low,0,Low
1,CASH_IN,197031.04,501828.4,698859.44,515082.09,16997.22,0,0,0,0,0,0.3926,Low,0,Low
1,CASH_IN,144366.64,698859.44,843226.08,1720939.01,971418.91,0,0,0,0,0,0.2066,Low,0,Low
1,CASH_IN,7965.49,843226.08,851191.57,35100.09,40348.79,0,0,0,0,0,0.0094,Low,0,Low
1,CASH_IN,123103.74,851191.57,974295.31,541942.24,46820.71,0,0,0,0,0,0.1446,Low,0,Low
1,CASH_IN,106634.77,974295.31,1080930.07,4963151.39,22190.99,0,0,0,0,0,0.1094,Low,0,Low
1,CASH_IN,74933.22,1080930.07,1155863.3,1312918.22,1412484.09,0,0,0,0,0,0.0693,Low,0,Low
1,CASH_IN,120234.99,1155863.3,1276098.29,194026.33,965870.05,0,0,0,0,0,0.104,Low,0,Low
1,CASH_IN,5763.99,1276098.29,1281862.28,24632.95,46462.23,0,0,0,0,0,0.0045,Low,0,Low
1,CASH_IN,156922.36,1281862.28,1438784.65,2887756.64,5515763.34,0,0,0,0,0,0.1224,Low,0,Low
1,CASH_IN,162665.98,1438784.65,1601450.63,362164.9,0.0,0,0,0,0,0,0.1131,Low,0,Low
1,CASH_IN,110226.34,1601450.63,1601450.63,1601450.63,10681238.79,0,0,0,0,0,0.0688,Low,0,Low
1,CASH_IN,142577.44,1601450.63,1744028.07,174480.01,0.0,0,0,0,0,0,0.089,Low,0,Low
1,CASH_IN,6915.38,1744028.07,1750943.45,49685.0,0.0,0,0,0,0,0,0.004,Low,0,Low
1,CASH_IN,157108.01,1750943.45,1908051.46,1576572.37,971418.91,0,0,0,0,0,0.0897,Low,0,Low
1,CASH_IN,223555.14,1908051.46,2131606.6,1462656.64,1254956.07,0,0,0,0,0,0.1172,Medium,0,Low
1,CASH_IN,146331.12,2131606.6,2277937.72,1053791.45,55974.56,0,0,0,0,0,0.0686,Low,0,Low
1,CASH_IN,141131.23,2277937.72,2419068.96,1419464.36,971418.91,0,0,0,0,0,0.062,Low,0,Low
1,CASH_IN,222711.47,2419068.96,2641780.43,16651492.34,19169204.93,0,0,0,0,0,0.0921,Medium,0,Low
1,CASH_IN,84980.31,2641780.43,2726760.74,165879.75,353532.56,0,0,0,0,0,0.0322,Low,0,Low
1,CASH_IN,628719.07,2726760.74,3355479.81,1484768.73,16518.36,0,0,1,0,0,0.2306,High,1,Low
1,CASH_IN,79285.8,3355479.81,3434765.61,4856516.62,22190.99,0,0,0,0,0,0.0236,Low,0,Low
1,CASH_IN,57809.81,3434765.61,3492575.42,59666.0,0.0,0,0,0,0,0,0.0168,Low,0,Low
1,CASH_IN,75043.17,3492575.42,3567618.59,156547.0,0.0,0,0,0,0,0,0.0215,Low,0,Low
1,CASH_IN,248196.92,3567618.59,3815815.51,318051.05,16997.22,0,0,0,0,0,0.0696,Medium,0,Low
1,CASH_IN,18851.44,3815815.51,3834666.95,47330.55,1891.79,0,0,0,0,0,0.0049,Low,0,Low
1,CASH_IN,403418.39,3834666.95,4238085.34,1801028.99,2107778.11,0,0,0,0,0,0.1052,Medium,0,Low
1,CASH_IN,235564.81,4238085.34,4473650.15,2676738.75,3940085.21,0,0,0,0,0,0.0556,Medium,0,Low
1,CASH_IN,32325.24,4473650.15,4505975.39,158866.76,265092.36,0,0,0,0,0,0.0072,Low,0,Low
1,CASH_IN,345347.7,4505975.39,4851323.08,355417.92,0.0,0,0,0,0,0,0.0766,Medium,0,Low
1,CASH_IN,355500.25,4851323.08,5206823.33,1166753.44,0.0,0,0,0,0,0,0.0733,Medium,0,Low
1,CASH_IN,103005.78,5206823.33,5309829.12,114836.85,4894.45,0,0,0,0,0,0.0198,Low,0,Low
1,CASH_IN,108803.98,5309829.12,5418633.09,811253.19,0.0,0,0,0,0,0,0.0205,Low,0,Low
1,CASH_IN,259753.27,5418633.09,5678386.36,260112.48,0.0,0,0,0,0,0,0.0479,Medium,0,Low
1,CASH_IN,234094.24,5678386.36,5912480.6,1278333.12,971418.91,0,0,0,0,0,0.0412,Medium,0,Low
1,CASH_IN,273305.73,5912480.6,6185786.33,1237985.0,1412484.09,0,0,0,0,0,0.0462,Medium,0,Low
1,CASH_IN,186838.95,6185786.33,6372625.28,418838.5,46820.71,0,0,0,0,0,0.0302,Low,0,Low
1,CASH_IN,193161.04,6372625.28,6565786.32,2441173.94,3940085.21,0,0,0,0,0,0.0303,Low,0,Low
1,CASH_IN,152823.85,6565786.32,6718610.17,1202635.39,4619798.56,0,0,0,0,0,0.0233,Low,0,Low
1,CASH_IN,91457.82,6718610.17,6810067.99,662260.23,2415.16,0,0,0,0,0,0.0136,Low,0,Low
1,CASH_IN,277807.48,6810067.99,7087875.47,907460.33,55974.56,0,0,0,0,0,0.0408,Medium,0,Low
1,CASH_IN,8679.13,7087875.47,7096554.61,94438.08,52415.15,0,0,0,0,0,0.0012,Low,0,Low
1,CASH_IN,2099.59,7096554.61,7098654.2,40471.79,0.0,0,0,0,0,0,0.0003,Low,0,Low
1,CASH_IN,221693.08,7098654.2,7320347.28,629652.85,55974.56,0,0,0,0,0,0.0312,Medium,0,Low
1,CASH_IN,206097.65,7320347.28,7526444.93,1239101.5,1254956.07,0,0,0,0,0,0.0282,Medium,0,Low
1,CASH_IN,22384.21,7526444.93,7548829.13,42211.0,387263.02,0,0,0,0,0,0.003,Low,0,Low
1,CASH_IN,73210.99,7548829.13,7622040.12,79582.64,96.88,0,0,0,0,0,0.0097,Low,0,Low
1,CASH_IN,236747.6,7622040.12,7858787.73,390963.21,0.0,0,0,0,0,0,0.0311,Medium,0,Low
1,CASH_IN,6284.18,7858787.73,7865071.9,328727.16,277515.05,0,0,0,0,0,0.0008,Low,0,Low
1,CASH_IN,100198.77,7865071.9,7965270.68,336837.78,424250.45,0,0,0,0,0,0.0127,Low,0,Low
1,CASH_IN,160347.32,7965270.68,8125617.99,724867.22,1517262.16,0,0,0,0,0,0.0201,Low,0,Low
1,CASH_IN,289272.75,8125617.99,8414890.75,413976.6,31469.78,0,0,0,0,0,0.0356,Medium,0,Low
1,CASH_IN,63189.26,8414890.75,8478080.0,101925.0,0.0,0,0,0,0,0,0.0075,Low,0,Low
1,CASH_IN,196725.32,8478080.0,8674805.32,2248012.9,3940085.21,0,0,0,0,0,0.0232,Low,0,Low
1,PAYMENT,5882.32,10252.0,4369.68,0.0,0.0,0,0,0,0,0,0.5738,Low,0,Low
1,DEBIT,625.92,30165.0,29539.08,1042.0,0.0,0,0,0,0,0,0.0207,Low,0,Low
1,PAYMENT,5937.72,21779.0,15841.28,0.0,0.0,0,0,0,0,0,0.2726,Low,0,Low
1,PAYMENT,9796.29,274658.0,264861.71,0.0,0.0,0,0,0,0,0,0.0357,Low,0,Low
1,PAYMENT,13449.95,11080.0,0.0,0.0,0.0,0,0,0,1,0,1.2139,Low,1,Low
1,PAYMENT,4749.6,8038.0,3288.4,0.0,0.0,0,0,0,0,0,0.5909,Low,0,Low
1,PAYMENT,6460.86,31009.0,24548.14,0.0,0.0,0,0,0,0,0,0.2084,Low,0,Low
1,PAYMENT,3605.26,10120.0,6514.74,0.0,0.0,0,0,0,0,0,0.3563,Low,0,Low
1,PAYMENT,624.61,52594.0,51969.39,0.0,0.0,0,0,0,0,0,0.0119,Low,0,Low
1,PAYMENT,3854.92,9241.0,5386.08,0.0,0.0,0,0,0,0,0,0.4172,Low,0,Low
1,TRANSFER,420532.33,5386.08,0.0,614566.02,0.0,0,1,0,1,1,78.0776,Medium,3,High
1,PAYMENT,4402.86,4469.0,66.14,0.0,0.0,0,0,0,1,0,0.9852,Low,1,Low
1,CASH_OUT,147804.02,66.14,0.0,158919.0,23508.22,0,1,0,1,1,2234.7145,Low,3,High
1,PAYMENT,151.2,1904.0,1752.8,0.0,0.0,0,0,0,0,0,0.0794,Low,0,Low
1,PAYMENT,58.21,14506.0,14447.79,0.0,0.0,0,0,0,0,0,0.004,Low,0,Low
1,PAYMENT,5936.82,741.0,0.0,0.0,0.0,0,0,0,1,0,8.0119,Low,1,Low
1,CASH_OUT,145944.67,24376.0,0.0,222.0,46393.85,0,1,0,1,1,5.9872,Low,3,High
1,TRANSFER,7206.33,24932.0,17725.67,21308.0,18161.79,0,1,0,0,1,0.289,Low,2,Medium
1,DEBIT,5581.55,530.0,0.0,55058.57,0.0,0,0,0,1,0,10.5312,Low,1,Low
1,DEBIT,5853.21,5039.0,0.0,20018.0,4891090.56,0,0,0,1,0,1.1616,Low,1,Low
1,PAYMENT,2528.1,5037.0,2508.9,0.0,0.0,0,0,0,0,0,0.5019,Low,0,Low
1,PAYMENT,5655.17,9522.0,3866.83,0.0,0.0,0,0,0,0,0,0.5939,Low,0,Low
1,PAYMENT,1456.09,101018.0,99561.91,0.0,0.0,0,0,0,0,0,0.0144,Low,0,Low
1,PAYMENT,4252.82,5545.0,1292.18,0.0,0.0,0,0,0,0,0,0.767,Low,0,Low
1,TRANSFER,276460.62,595.0,0.0,1105242.28,2107965.39,0,1,0,1,1,464.6397,Medium,3,High
1,PAYMENT,8811.67,30848.0,22036.33,0.0,0.0,0,0,0,0,0,0.2856,Low,0,Low
1,PAYMENT,12666.68,891.0,0.0,0.0,0.0,0,0,0,1,0,14.2163,Low,1,Low
1,CASH_OUT,95636.49,0.0,0.0,359141.7,1363368.51,0,1,0,0,1,,Low,2,Medium
1,CASH_OUT,195314.34,0.0,0.0,491226.48,1186556.81,0,1,0,0,1,,Low,2,Medium
1,PAYMENT,6049.09,1.0,0.0,0.0,0.0,0,0,0,1,0,6049.09,Low,1,Low
1,PAYMENT,14306.8,0.0,0.0,0.0,0.0,0,0,0,0,0,,Low,0,Low
1,PAYMENT,1117.34,35611.0,34493.66,0.0,0.0,0,0,0,0,0,0.0314,Low,0,Low
1,DEBIT,3179.7,124703.85,121524.14,20767.0,0.0,0,0,0,0,0,0.0255,Low,0,Low
1,PAYMENT,2880.68,121524.14,118643.46,0.0,0.0,0,0,0,0,0,0.0237,Low,0,Low
1,PAYMENT,3060.54,118643.46,115582.92,0.0,0.0,0,0,0,0,0,0.0258,Low,0,Low
1,PAYMENT,879.42,115582.92,114703.5,0.0,0.0,0,0,0,0,0,0.0076,Low,0,Low
1,PAYMENT,3486.78,114703.5,111216.72,0.0,0.0,0,0,0,0,0,0.0304,Low,0,Low
1,PAYMENT,21530.96,111216.72,89685.77,0.0,0.0,0,0,0,0,0,0.1936,Low,0,Low
1,PAYMENT,2426.31,89685.77,87259.46,0.0,0.0,0,0,0,0,0,0.0271,Low,0,Low
1,PAYMENT,5110.1,87259.46,82149.35,0.0,0.0,0,0,0,0,0,0.0586,Low,0,Low
1,PAYMENT,207.75,82149.35,81941.6,0.0,0.0,0,0,0,0,0,0.0025,Low,0,Low
1,PAYMENT,18437.04,81941.6,63504.55,0.0,0.0,0,0,0,0,0,0.225,Low,0,Low
1,PAYMENT,8690.69,63504.55,54813.86,0.0,0.0,0,0,0,0,0,0.1369,Low,0,Low
1,PAYMENT,4946.03,54813.86,49867.83,0.0,0.0,0,0,0,0,0,0.0902,Low,0,Low
1,PAYMENT,5432.09,49867.83,44435.75,0.0,0.0,0,0,0,0,0,0.1089,Low,0,Low
1,PAYMENT,7649.41,44435.75,36786.34,0.0,0.0,0,0,0,0,0,0.1721,Low,0,Low
1,PAYMENT,3943.17,36786.34,32843.16,0.0,0.0,0,0,0,0,0,0.1072,Low,0,Low
1,PAYMENT,3101.33,32843.16,29741.84,0.0,0.0,0,0,0,0,0,0.0944,Low,0,Low
1,TRANSFER,51719.13,882.0,0.0,59670.0,15375.37,0,1,0,1,1,58.6385,Low,3,High
1,PAYMENT,13465.91,0.0,0.0,0.0,0.0,0,0,0,0,0,,Low,0,Low
1,PAYMENT,19561.05,0.0,0.0,0.0,0.0,0,0,0,0,0,,Low,0,Low
1,PAYMENT,9762.28,129.0,0.0,0.0,0.0,0,0,0,1,0,75.6766,Low,1,Low
1,PAYMENT,9778.81,18824.0,9045.19,0.0,0.0,0,0,0,0,0,0.5195,Low,0,Low
1,CASH_OUT,562903.81,9045.19,0.0,564519.9,1517262.16,0,1,1,1,1,62.2324,High,4,Critical
1,PAYMENT,5055.94,30295.0,25239.06,0.0,0.0,0,0,0,0,0,0.1669,Low,0,Low
1,PAYMENT,2858.89,21820.0,18961.11,0.0,0.0,0,0,0,0,0,0.131,Low,0,Low
1,PAYMENT,8531.42,18961.11,10429.69,0.0,0.0,0,0,0,0,0,0.4499,Low,0,Low
1,PAYMENT,84.22,25828.0,25743.78,0.0,0.0,0,0,0,0,0,0.0033,Low,0,Low
1,CASH_OUT,227478.01,25743.78,0.0,16428780.87,19169204.93,0,1,0,1,1,8.8362,Medium,3,High
1,PAYMENT,5033.02,23946.7,18913.68,0.0,0.0,0,0,0,0,0,0.2102,Low,0,Low
1,TRANSFER,100588.8,18913.68,0.0,105223.0,0.0,0,1,0,1,1,5.3183,Low,3,High
1,PAYMENT,9374.72,21064.0,11689.28,0.0,0.0,0,0,0,0,0,0.4451,Low,0,Low
1,PAYMENT,598.24,102631.0,102032.76,0.0,0.0,0,0,0,0,0,0.0058,Low,0,Low
1,PAYMENT,4531.55,20125.0,15593.45,0.0,0.0,0,0,0,0,0,0.2252,Low,0,Low
1,PAYMENT,2998.2,15593.45,12595.25,0.0,0.0,0,0,0,0,0,0.1923,Low,0,Low
1,PAYMENT,9269.99,12595.25,3325.26,0.0,0.0,0,0,0,0,0,0.736,Low,0,Low
1,PAYMENT,1209.64,3325.26,2115.61,0.0,0.0,0,0,0,0,0,0.3638,Low,0,Low
1,PAYMENT,1298.7,2115.61,816.91,0.0,0.0,0,0,0,0,0,0.6139,Low,0,Low
1,PAYMENT,7797.0,816.91,0.0,0.0,0.0,0,0,0,1,0,9.5445,Low,1,Low
1,PAYMENT,5831.03,0.0,0.0,0.0,0.0,0,0,0,0,0,,Low,0,Low
1,PAYMENT,7067.9,0.0,0.0,0.0,0.0,0,0,0,0,0,,Low,0,Low
1,PAYMENT,14895.51,0.0,0.0,0.0,0.0,0,0,0,0,0,,Low,0,Low
1,PAYMENT,3316.21,0.0,0.0,0.0,0.0,0,0,0,0,0,,Low,0,Low
1,PAYMENT,22276.0,0.0,0.0,0.0,0.0,0,0,0,0,0,,Low,0,Low
1,PAYMENT,16505.51,0.0,0.0,0.0,0.0,0,0,0,0,0,,Low,0,Low
1,PAYMENT,636.95,0.0,0.0,0.0,0.0,0,0,0,0,0,,Low,0,Low
1,PAYMENT,2056.59,0.0,0.0,0.0,0.0,0,0,0,0,0,,Low,0,Low
1,PAYMENT,704.74,0.0,0.0,0.0,0.0,0,0,0,0,0,,Low,0,Low
1,PAYMENT,3222.32,0.0,0.0,0.0,0.0,0,0,0,0,0,,Low,0,Low
1,PAYMENT,11889.61,0.0,0.0,0.0,0.0,0,0,0,0,0,,Low,0,Low
1,PAYMENT,9491.89,0.0,0.0,0.0,0.0,0,0,0,0,0,,Low,0,Low
1,PAYMENT,6131.21,0.0,0.0,0.0,0.0,0,0,0,0,0,,Low,0,Low
1,PAYMENT,11938.61,0.0,0.0,0.0,0.0,0,0,0,0,0,,Low,0,Low
1,PAYMENT,4233.45,0.0,0.0,0.0,0.0,0,0,0,0,0,,Low,0,Low
1,PAYMENT,32643.79,0.0,0.0,0.0,0.0,0,0,0,0,0,,Low,0,Low
1,PAYMENT,622.15,14112.8,13490.65,0.0,0.0,0,0,0,0,0,0.0441,Low,0,Low
1,PAYMENT,4573.12,13490.65,8917.54,0.0,0.0,0,0,0,0,0,0.339,Low,0,Low
1,PAYMENT,6057.8,6996.1,938.3,0.0,0.0,0,0,0,0,0,0.8659,Low,0,Low
1,PAYMENT,5770.32,938.3,0.0,0.0,0.0,0,0,0,1,0,6.1498,Low,1,Low
1,PAYMENT,9152.97,0.0,0.0,0.0,0.0,0,0,0,0,0,,Low,0,Low
1,DEBIT,12154.7,39699.0,27544.3,2051287.58,3940085.21,0,0,0,0,0,0.3062,Low,0,Low
1,PAYMENT,8378.01,80899.44,72521.43,0.0,0.0,0,0,0,0,0,0.1036,Low,0,Low
1,PAYMENT,9616.45,72521.43,62904.98,0.0,0.0,0,0,0,0,0,0.1326,Low,0,Low
1,PAYMENT,2231.28,12998.0,10766.72,0.0,0.0,0,0,0,0,0,0.1717,Low,0,Low
1,PAYMENT,4932.54,136555.0,131622.46,0.0,0.0,0,0,0,0,0,0.0361,Low,0,Low
1,CASH_IN,65413.89,131622.46,197036.35,144605.0,0.0,0,0,0,0,0,0.497,Low,0,Low
1,CASH_IN,98560.08,197036.35,295596.43,167719.89,63112.23,0,0,0,0,0,0.5002,Low,0,Low
1,CASH_IN,15054.61,295596.43,310651.04,33340.0,185389.8,0,0,0,0,0,0.0509,Low,0,Low
1,CASH_IN,161632.16,310651.04,472283.2,1044238.89,971418.91,0,0,0,0,0,0.5203,Low,0,Low
1,CASH_IN,47529.19,472283.2,519812.39,856049.65,16518.36,0,0,0,0,0,0.1006,Low,0,Low
1,CASH_IN,9577.45,519812.39,529389.85,32204.0,22774.25,0,0,0,0,0,0.0184,Low,0,Low
1,CASH_IN,414238.59,529389.85,943628.44,808520.46,16518.36,0,0,0,0,0,0.7825,Medium,0,Low
1,CASH_IN,89327.65,943628.44,1032956.09,2063442.28,3940085.21,0,0,0,0,0,0.0947,Low,0,Low
1,CASH_IN,194900.16,1032956.09,1227856.25,8633995.76,12494367.15,0,0,0,0,0,0.1887,Low,0,Low
1,CASH_IN,24470.43,1227856.25,1252326.68,1381702.9,2107965.39,0,0,0,0,0,0.0199,Low,0,Low
1,CASH_IN,217668.38,1252326.68,1469995.06,347373.26,49864.36,0,0,0,0,0,0.1738,Medium,0,Low
1,CASH_IN,9067.51,1469995.06,1479062.57,306723.02,23508.22,0,0,0,0,0,0.0062,Low,0,Low
1,CASH_IN,336827.91,1479062.57,1815890.48,401493.73,51513.44,0,0,0,0,0,0.2277,Medium,0,Low
1,CASH_IN,45317.95,1815890.48,1861208.43,99578.86,0.0,0,0,0,0,0,0.025,Low,0,Low
1,CASH_IN,230021.01,1861208.43,2091229.45,4777230.82,22190.99,0,0,0,0,0,0.1236,Medium,0,Low
1,CASH_IN,154578.28,2091229.45,2245807.73,1033003.86,1254956.07,0,0,0,0,0,0.0739,Low,0,Low
1,CASH_IN,314134.01,2245807.73,2559941.74,570802.41,2415.16,0,0,0,0,0,0.1399,Medium,0,Low
1,CASH_IN,206405.92,2559941.74,2766347.65,1221423.7,3461666.05,0,0,0,0,0,0.0806,Medium,0,Low
1,CASH_IN,158995.29,2766347.65,2925342.94,8674805.32,10681238.79,0,0,0,0,0,0.0575,Low,0,Low
1,CASH_IN,188238.54,2925342.94,3113581.47,702449.21,0.0,0,0,0,0,0,0.0643,Low,0,Low
1,CASH_IN,21255.8,3113581.47,3134837.27,52109.0,0.0,0,0,0,0,0,0.0068,Low,0,Low
1,CASH_IN,205955.77,3134837.27,3340793.04,465695.91,97263.78,0,0,0,0,0,0.0657,Medium,0,Low
1,CASH_IN,178370.36,3340793.04,3519163.4,16656258.88,19169204.93,0,0,0,0,0,0.0534,Low,0,Low
1,CASH_IN,42547.96,3519163.4,3561711.36,59693.0,9672.67,0,0,0,0,0,0.0121,Low,0,Low
1,CASH_IN,15152.15,3561711.36,3576863.51,8439095.6,12494367.15,0,0,0,0,0,0.0043,Low,0,Low
1,CASH_IN,39249.67,3576863.51,3616113.18,64966.23,0.0,0,0,0,0,0,0.011,Low,0,Low
1,CASH_IN,101669.17,3616113.18,3717782.35,533625.81,2025098.66,0,0,0,0,0,0.0281,Low,0,Low
1,CASH_IN,81694.11,3717782.35,3799476.47,686540.82,1186556.81,0,0,0,0,0,0.022,Low,0,Low
1,CASH_IN,10266.7,3799476.47,3809743.17,104323.0,69756.86,0,0,0,0,0,0.0027,Low,0,Low
1,CASH_IN,35502.25,3809743.17,3845245.42,41159.0,0.0,0,0,0,0,0,0.0093,Low,0,Low
1,CASH_IN,183250.0,3845245.42,4028495.42,231999.55,46820.71,0,0,0,0,0,0.0477,Low,0,Low
1,CASH_IN,219220.21,4028495.42,4247715.63,1974114.63,3940085.21,0,0,0,0,0,0.0544,Medium,0,Low
1,CASH_IN,254895.5,4247715.63,4502611.13,256668.41,2415.16,0,0,0,0,0,0.06,Medium,0,Low
1,CASH_IN,143148.97,4502611.13,4645760.1,4547209.8,22190.99,0,0,0,0,0,0.0318,Low,0,Low
1,CASH_IN,132457.52,4645760.1,4778217.62,8423943.45,12494367.15,0,0,0,0,0,0.0285,Low,0,Low
1,CASH_IN,148834.28,4778217.62,4927051.9,514210.68,0.0,0,0,0,0,0,0.0311,Low,0,Low
1,CASH_IN,106727.81,4927051.9,5033779.71,2730834.27,5515763.34,0,0,0,0,0,0.0217,Low,0,Low
1,CASH_IN,223123.71,5033779.71,5256903.42,394281.87,16518.36,0,0,0,0,0,0.0443,Medium,0,Low
1,CASH_IN,194311.34,5256903.42,5451214.77,1127423.71,1517262.16,0,0,0,0,0,0.037,Low,0,Low
1,CASH_IN,338964.91,5451214.77,5790179.68,365376.39,0.0,0,0,0,0,0,0.0622,Medium,0,Low
1,CASH_IN,247575.4,5790179.68,6037755.07,8291485.93,12494367.15,0,0,0,0,0,0.0428,Medium,0,Low
1,CASH_IN,29467.02,6037755.07,6067222.09,322442.98,277515.05,0,0,0,0,0,0.0049,Low,0,Low
1,CASH_IN,90340.16,6067222.09,6157562.25,16477888.52,19169204.93,0,0,0,0,0,0.0149,Low,0,Low
1,CASH_IN,198847.32,6157562.25,6356409.58,964679.26,1412484.09,0,0,0,0,0,0.0323,Low,0,Low
1,CASH_IN,155075.41,6356409.58,6511484.99,1035098.36,0.0,0,0,0,0,0,0.0244,Low,0,Low
1,CASH_IN,76932.89,6511484.99,6588417.88,765831.94,1412484.09,0,0,0,0,0,0.0118,Low,0,Low
1,CASH_IN,92971.79,6588417.88,6681389.66,111367.94,0.0,0,0,0,0,0,0.0141,Low,0,Low
1,CASH_IN,7322.98,6681389.66,6688712.64,64966.0,57643.02,0,0,0,0,0,0.0011,Low,0,Low
1,CASH_IN,222126.95,6688712.64,6910839.59,1397610.6,2107778.11,0,0,0,0,0,0.0332,Medium,0,Low
1,CASH_IN,62983.91,6910839.59,6973823.5,454778.18,1363368.51,0,0,0,0,0,0.0091,Low,0,Low
1,CASH_IN,1271.77,6973823.5,6975095.27,697456.73,2719172.89,0,0,0,0,0,0.0002,Low,0,Low
1,CASH_IN,246816.65,6975095.27,7221911.92,933112.37,1517262.16,0,0,0,0,0,0.0354,Medium,0,Low
1,CASH_IN,21898.97,7221911.92,7243810.89,1114670.7,1567434.81,0,0,0,0,0,0.003,Low,0,Low
1,CASH_IN,30811.56,7243810.89,7274622.45,152178.0,651524.92,0,0,0,0,0,0.0043,Low,0,Low
1,CASH_IN,100275.09,7274622.45,7374897.54,878425.58,1254956.07,0,0,0,0,0,0.0138,Low,0,Low
1,CASH_IN,46630.53,7374897.54,7421528.07,604846.71,1186556.81,0,0,0,0,0,0.0063,Low,0,Low
1,CASH_IN,158775.58,7421528.07,7580303.64,688899.05,1412484.09,0,0,0,0,0,0.0214,Low,0,Low
1,CASH_IN,90556.08,7580303.64,7670859.72,186372.86,8496.61,0,0,0,0,0,0.0119,Low,0,Low
1,CASH_IN,173948.89,7670859.72,7844808.61,391794.27,1363368.51,0,0,0,0,0,0.0227,Low,0,Low
1,CASH_IN,66216.71,7844808.61,7911025.32,117785.88,9940339.29,0,0,0,0,0,0.0084,Low,0,Low
1,CASH_IN,216133.99,7911025.32,8127159.31,1092771.73,1567434.81,0,0,0,0,0,0.0273,Medium,0,Low
1,CASH_IN,371883.82,8127159.31,8499043.13,880022.94,0.0,0,0,0,0,0,0.0458,Medium,0,Low
1,CASH_IN,770537.37,8499043.13,8499043.13,8499043.13,16874643.09,0,0,1,0,0,0.0907,High,1,Low
1,CASH_IN,71275.47,8499043.13,8570318.6,136084.66,43691.09,0,0,0,0,0,0.0084,Low,0,Low
1,CASH_IN,336298.77,8570318.6,8906617.38,1049811.54,4619798.56,0,0,0,0,0,0.0392,Medium,0,Low
1,CASH_IN,317393.38,8906617.38,9224010.75,1175483.65,2107778.11,0,0,0,0,0,0.0356,Medium,0,Low
1,CASH_IN,181002.01,9224010.75,9405012.76,292975.96,277515.05,0,0,0,0,0,0.0196,Low,0,Low
1,CASH_IN,311449.38,9405012.76,9716462.14,713512.77,4619798.56,0,0,0,0,0,0.0331,Medium,0,Low
1,CASH_IN,270824.42,9716462.14,9987286.56,8515810.04,10681238.79,0,0,0,0,0,0.0279,Medium,0,Low
1,PAYMENT,1449.03,80983.0,79533.97,0.0,0.0,0,0,0,0,0,0.0179,Low,0,Low
1,PAYMENT,3551.48,1015017.79,1011466.31,0.0,0.0,0,0,0,0,0,0.0035,Low,0,Low
1,CASH_OUT,227768.63,1011466.31,783697.68,530123.48,1412484.09,0,1,0,0,1,0.2252,Medium,2,Medium
1,CASH_OUT,172986.7,783697.68,610710.98,686295.71,1517262.16,0,1,0,0,1,0.2207,Low,2,Medium
1,PAYMENT,4940.2,48005.0,43064.8,0.0,0.0,0,0,0,0,0,0.1029,Low,0,Low
1,PAYMENT,2755.96,20987.0,18231.04,0.0,0.0,0,0,0,0,0,0.1313,Low,0,Low
1,DEBIT,8807.01,139428.0,130620.99,64809.18,43691.09,0,0,0,0,0,0.0632,Low,0,Low
1,DEBIT,3111.86,64665.82,61553.96,10070.22,0.0,0,0,0,0,0,0.0481,Low,0,Low
1,PAYMENT,10040.52,61553.96,51513.44,0.0,0.0,0,0,0,0,0,0.1631,Low,0,Low
1,DEBIT,5363.0,21260.0,15897.0,24765.26,18910.85,0,0,0,0,0,0.2523,Low,0,Low
1,PAYMENT,11990.19,885.0,0.0,0.0,0.0,0,0,0,1,0,13.5482,Low,1,Low
1,PAYMENT,266.88,4182.0,3915.12,0.0,0.0,0,0,0,0,0,0.0638,Low,0,Low
1,PAYMENT,1928.55,5096.0,3167.45,0.0,0.0,0,0,0,0,0,0.3784,Low,0,Low
1,PAYMENT,10648.06,37419.0,26770.94,0.0,0.0,0,0,0,0,0,0.2846,Low,0,Low
1,PAYMENT,962.43,26770.94,25808.5,0.0,0.0,0,0,0,0,0,0.036,Low,0,Low
1,PAYMENT,8348.1,16583.0,8234.9,0.0,0.0,0,0,0,0,0,0.5034,Low,0,Low
1,PAYMENT,6969.67,61091.0,54121.33,0.0,0.0,0,0,0,0,0,0.1141,Low,0,Low
1,TRANSFER,20128.0,20128.0,0.0,0.0,0.0,1,1,0,1,1,1.0,Low,3,High
1,CASH_OUT,20128.0,20128.0,0.0,6268.0,12145.85,1,1,0,1,1,1.0,Low,3,High
1,PAYMENT,154.87,9339.0,9184.13,0.0,0.0,0,0,0,0,0,0.0166,Low,0,Low
1,DEBIT,4040.84,1938.0,0.0,51339.0,36757.68,0,0,0,1,0,2.0851,Low,1,Low
1,PAYMENT,6490.17,548504.0,542013.83,0.0,0.0,0,0,0,0,0,0.0118,Low,0,Low
1,PAYMENT,1101.09,30858.0,29756.91,0.0,0.0,0,0,0,0,0,0.0357,Low,0,Low
1,DEBIT,4347.78,20766.0,16418.22,407959.76,55974.56,0,0,0,0,0,0.2094,Low,0,Low
1,CASH_OUT,213922.13,16418.22,0.0,431956.63,2025098.66,0,1,0,1,1,13.0296,Medium,3,High
1,CASH_OUT,83859.59,0.0,0.0,16387548.36,19169204.93,0,1,0,0,1,,Low,2,Medium
1,CASH_OUT,33269.25,0.0,0.0,111389.13,15375.37,0,1,0,0,1,,Low,2,Medium
1,CASH_OUT,51749.94,0.0,0.0,62470.0,132842.64,0,1,0,0,1,,Low,2,Medium
1,CASH_OUT,86410.3,0.0,0.0,757892.11,1412484.09,0,1,0,0,1,,Low,2,Medium
1,CASH_OUT,10856.63,0.0,0.0,217845.38,1363368.51,0,1,0,0,1,,Low,2,Medium
1,CASH_OUT,161613.93,0.0,0.0,402063.39,4619798.56,0,1,0,0,1,,Low,2,Medium
1,CASH_OUT,244361.81,0.0,0.0,859282.41,1517262.16,0,1,0,0,1,,Medium,2,Medium
1,CASH_OUT,596617.87,0.0,0.0,645878.76,2025098.66,0,1,1,0,1,,High,3,High
1,CASH_OUT,108600.78,0.0,0.0,146488.24,97128.19,0,1,0,0,1,,Low,2,Medium
1,CASH_OUT,377520.94,0.0,0.0,563677.32,4619798.56,0,1,0,0,1,,Medium,2,Medium
1,CASH_OUT,60758.42,0.0,0.0,155911.68,500631.71,0,1,0,0,1,,Low,2,Medium
1,CASH_OUT,86204.31,0.0,0.0,941198.26,4619798.56,0,1,0,0,1,,Low,2,Medium
1,CASH_OUT,1234.0,0.0,0.0,29906.0,7550.03,0,1,0,0,1,,Low,2,Medium
1,CASH_OUT,18288.91,0.0,0.0,858090.28,2107778.11,0,1,0,0,1,,Low,2,Medium
1,CASH_OUT,248979.22,0.0,0.0,1103644.22,1517262.16,0,1,0,0,1,,Medium,2,Medium
1,CASH_OUT,126774.5,0.0,0.0,1242496.63,2025098.66,0,1,0,0,1,,Low,2,Medium
1,CASH_OUT,38428.19,0.0,0.0,43524.89,122750.49,0,1,0,0,1,,Low,2,Medium
1,CASH_OUT,109732.52,0.0,0.0,8244985.62,10681238.79,0,1,0,0,1,,Low,2,Medium
1,CASH_OUT,17851.54,0.0,0.0,32353.0,0.0,0,1,0,0,1,,Low,2,Medium
1,CASH_OUT,5223.97,0.0,0.0,10429.69,23568.91,0,1,0,0,1,,Low,2,Medium
1,CASH_OUT,63807.17,0.0,0.0,558216.18,1186556.81,0,1,0,0,1,,Low,2,Medium
1,CASH_OUT,406297.68,0.0,0.0,882606.73,971418.91,0,1,0,0,1,,Medium,2,Medium
1,PAYMENT,4779.93,121.0,0.0,0.0,0.0,0,0,0,1,0,39.5036,Low,1,Low
1,TRANSFER,16631.14,0.0,0.0,89102.55,1015132.48,0,1,0,0,1,,Low,2,Medium
1,PAYMENT,2771.16,60721.0,57949.84,0.0,0.0,0,0,0,0,0,0.0456,Low,0,Low
1,PAYMENT,3154.06,24239.0,21084.94,0.0,0.0,0,0,0,0,0,0.1301,Low,0,Low
1,PAYMENT,7813.63,21084.94,13271.31,0.0,0.0,0,0,0,0,0,0.3706,Low,0,Low
1,PAYMENT,360.13,38939.0,38578.87,0.0,0.0,0,0,0,0,0,0.0092,Low,0,Low
1,CASH_OUT,431381.17,40481.0,0.0,55566.0,3554299.27,0,1,0,1,1,10.6564,Medium,3,High
1,TRANSFER,43670.84,0.0,0.0,79331.08,215851.28,0,1,0,0,1,,Low,2,Medium
1,PAYMENT,7342.63,19443.0,12100.37,0.0,0.0,0,0,0,0,0,0.3776,Low,0,Low
1,PAYMENT,7417.09,843.0,0.0,0.0,0.0,0,0,0,1,0,8.7984,Low,1,Low
1,PAYMENT,8865.26,84415.83,75550.57,0.0,0.0,0,0,0,0,0,0.105,Low,0,Low
1,CASH_OUT,213490.87,75550.57,0.0,508139.13,0.0,0,1,0,1,1,2.8258,Medium,3,High
1,PAYMENT,7444.4,31902.57,24458.17,0.0,0.0,0,0,0,0,0,0.2333,Low,0,Low
1,CASH_OUT,287265.38,24458.17,0.0,486947.17,3554299.27,0,1,0,1,1,11.7452,Medium,3,High
1,CASH_OUT,416001.33,0.0,0.0,102.0,9291619.62,1,1,0,0,1,,Medium,2,Medium
1,PAYMENT,6432.26,0.0,0.0,0.0,0.0,0,0,0,0,0,,Low,0,Low
1,PAYMENT,8690.86,29772.0,21081.14,0.0,0.0,0,0,0,0,0,0.2919,Low,0,Low
1,PAYMENT,3791.28,32463.0,28671.72,0.0,0.0,0,0,0,0,0,0.1168,Low,0,Low
1,PAYMENT,4111.34,128052.0,123940.66,0.0,0.0,0,0,0,0,0,0.0321,Low,0,Low
1,PAYMENT,7163.9,114219.94,107056.04,0.0,0.0,0,0,0,0,0,0.0627,Low,0,Low
1,PAYMENT,6557.51,107056.04,100498.52,0.0,0.0,0,0,0,0,0,0.0613,Low,0,Low
1,PAYMENT,17348.25,100498.52,83150.27,0.0,0.0,0,0,0,0,0,0.1726,Low,0,Low
1,PAYMENT,1586.28,83150.27,81564.0,0.0,0.0,0,0,0,0,0,0.0191,Low,0,Low
1,PAYMENT,6811.97,81564.0,74752.02,0.0,0.0,0,0,0,0,0,0.0835,Low,0,Low
1,PAYMENT,36651.07,74752.02,38100.95,0.0,0.0,0,0,0,0,0,0.4903,Low,0,Low
1,PAYMENT,4804.68,38100.95,33296.27,0.0,0.0,0,0,0,0,0,0.1261,Low,0,Low
1,PAYMENT,19375.5,33296.27,13920.76,0.0,0.0,0,0,0,0,0,0.5819,Low,0,Low
1,PAYMENT,13833.75,13920.76,87.01,0.0,0.0,0,0,0,1,0,0.9937,Low,1,Low
1,PAYMENT,21008.52,87.01,0.0,0.0,0.0,0,0,0,1,0,241.4495,Low,1,Low
1,PAYMENT,22043.92,0.0,0.0,0.0,0.0,0,0,0,0,0,,Low,0,Low
1,PAYMENT,32635.14,0.0,0.0,0.0,0.0,0,0,0,0,0,,Low,0,Low
1,PAYMENT,11438.39,0.0,0.0,0.0,0.0,0,0,0,0,0,,Low,0,Low
1,PAYMENT,13527.16,0.0,0.0,0.0,0.0,0,0,0,0,0,,Low,0,Low
1,PAYMENT,11881.78,0.0,0.0,0.0,0.0,0,0,0,0,0,,Low,0,Low
1,PAYMENT,9805.46,0.0,0.0,0.0,0.0,0,0,0,0,0,,Low,0,Low
1,PAYMENT,9470.85,0.0,0.0,0.0,0.0,0,0,0,0,0,,Low,0,Low
1,PAYMENT,20560.86,0.0,0.0,0.0,0.0,0,0,0,0,0,,Low,0,Low
1,PAYMENT,13679.84,0.0,0.0,0.0,0.0,0,0,0,0,0,,Low,0,Low
1,PAYMENT,15448.0,0.0,0.0,0.0,0.0,0,0,0,0,0,,Low,0,Low
1,PAYMENT,1987.4,0.0,0.0,0.0,0.0,0,0,0,0,0,,Low,0,Low
1,PAYMENT,4145.04,97168.0,93022.96,0.0,0.0,0,0,0,0,0,0.0427,Low,0,Low
1,PAYMENT,3511.45,11310.0,7798.55,0.0,0.0,0,0,0,0,0,0.3105,Low,0,Low
1,PAYMENT,1118.1,9041.0,7922.9,0.0,0.0,0,0,0,0,0,0.1237,Low,0,Low
1,PAYMENT,15.06,204682.0,204666.94,0.0,0.0,0,0,0,0,0,0.0001,Low,0,Low
1,CASH_IN,352568.35,9945.0,362513.35,2624106.46,5515763.34,0,0,0,1,0,35.4518,Medium,1,Low
1,PAYMENT,3043.27,36369.0,33325.73,0.0,0.0,0,0,0,0,0,0.0837,Low,0,Low
1,PAYMENT,9758.09,21217.0,11458.91,0.0,0.0,0,0,0,0,0,0.4599,Low,0,Low
1,PAYMENT,5924.89,1518.0,0.0,0.0,0.0,0,0,0,1,0,3.9031,Low,1,Low
1,PAYMENT,9550.43,4021.0,0.0,0.0,0.0,0,0,0,1,0,2.3751,Low,1,Low
1,PAYMENT,4355.66,120.0,0.0,0.0,0.0,0,0,0,1,0,36.2972,Low,1,Low
1,DEBIT,6973.12,50015.0,43041.88,81953.08,122750.49,0,0,0,0,0,0.1394,Low,0,Low
1,PAYMENT,2358.63,70824.0,68465.37,0.0,0.0,0,0,0,0,0,0.0333,Low,0,Low
1,DEBIT,374.36,15237.0,14862.64,62904.98,353532.56,0,0,0,0,0,0.0246,Low,0,Low
1,PAYMENT,8946.63,95066.0,86119.37,0.0,0.0,0,0,0,0,0,0.0941,Low,0,Low
1,PAYMENT,20573.4,24641.0,4067.6,0.0,0.0,0,0,0,0,0,0.8349,Low,0,Low
1,PAYMENT,8358.12,293.0,0.0,0.0,0.0,0,0,0,1,0,28.526,Low,1,Low
1,PAYMENT,1006.76,696008.0,695001.24,0.0,0.0,0,0,0,0,0,0.0014,Low,0,Low
1,PAYMENT,10498.05,16730.0,6231.95,0.0,0.0,0,0,0,0,0,0.6275,Low,0,Low
1,TRANSFER,463722.76,349.0,0.0,18285.39,185389.8,0,1,0,1,1,1328.7185,Medium,3,High
1,TRANSFER,138857.19,109473.0,0.0,1027402.57,4619798.56,0,1,0,1,1,1.2684,Low,3,High
1,PAYMENT,5184.9,283509.0,278324.1,0.0,0.0,0,0,0,0,0,0.0183,Low,0,Low
1,PAYMENT,3626.96,23506.0,19879.04,0.0,0.0,0,0,0,0,0,0.1543,Low,0,Low
1,PAYMENT,282.42,30603.0,30320.58,0.0,0.0,0,0,0,0,0,0.0092,Low,0,Low
1,DEBIT,8703.54,137782.0,129078.46,63279.34,353532.56,0,0,0,0,0,0.0632,Low,0,Low
1,PAYMENT,3673.1,30507.0,26833.9,0.0,0.0,0,0,0,0,0,0.1204,Low,0,Low
1,PAYMENT,9800.58,12617.16,2816.58,0.0,0.0,0,0,0,0,0,0.7768,Low,0,Low
1,CASH_OUT,88987.11,2816.58,0.0,696184.96,2719172.89,0,1,0,1,1,31.594,Low,3,High
1,PAYMENT,4227.19,36054.0,31826.81,0.0,0.0,0,0,0,0,0,0.1172,Low,0,Low
1,PAYMENT,2881.51,90250.0,87368.49,0.0,0.0,0,0,0,0,0,0.0319,Low,0,Low
1,PAYMENT,4376.46,9809.0,5432.54,0.0,0.0,0,0,0,0,0,0.4462,Low,0,Low
1,PAYMENT,11656.12,10181.0,0.0,0.0,0.0,0,0,0,1,0,1.1449,Low,1,Low
1,TRANSFER,345698.98,40419.0,0.0,20489.94,157982.12,0,1,0,1,1,8.5529,Medium,3,High
1,PAYMENT,3292.21,20484.0,17191.79,0.0,0.0,0,0,0,0,0,0.1607,Low,0,Low
1,PAYMENT,7367.06,14528.0,7160.94,0.0,0.0,0,0,0,0,0,0.5071,Low,0,Low
1,PAYMENT,2937.34,19703.0,16765.66,0.0,0.0,0,0,0,0,0,0.1491,Low,0,Low
1,DEBIT,1150.14,21634.0,20483.86,15653.66,23568.91,0,0,0,0,0,0.0532,Low,0,Low
1,PAYMENT,3563.36,185397.0,181833.64,0.0,0.0,0,0,0,0,0,0.0192,Low,0,Low
1,PAYMENT,2380.46,101428.0,99047.54,0.0,0.0,0,0,0,0,0,0.0235,Low,0,Low
1,PAYMENT,2266.02,64757.92,62491.91,0.0,0.0,0,0,0,0,0,0.035,Low,0,Low
1,TRANSFER,32132.45,62491.91,30359.46,59605.0,0.0,0,1,0,0,1,0.5142,Low,2,Medium
1,TRANSFER,51627.39,30359.46,0.0,81243.0,32092.07,0,1,0,1,1,1.7005,Low,3,High
1,TRANSFER,62073.54,0.0,0.0,228702.01,1363368.51,0,1,0,0,1,,Low,2,Medium
1,TRANSFER,13614.91,0.0,0.0,30195.0,0.0,0,1,0,0,1,,Low,2,Medium
1,TRANSFER,2290.73,0.0,0.0,79471.66,42450.71,0,1,0,0,1,,Low,2,Medium
1,TRANSFER,637161.0,0.0,0.0,1166259.76,4619798.56,0,1,1,0,1,,High,3,High
1,TRANSFER,639378.37,0.0,0.0,753824.15,3420103.09,0,1,1,0,1,,High,3,High
1,TRANSFER,34390.85,0.0,0.0,90214.97,66575.5,0,1,0,0,1,,Low,2,Medium
1,TRANSFER,1867849.02,0.0,0.0,2271538.11,5515763.34,0,1,1,0,1,,Very High,3,High
1,TRANSFER,1193410.46,0.0,0.0,16471407.95,19169204.93,0,1,1,0,1,,Very High,3,High
1,TRANSFER,348186.2,0.0,0.0,774212.55,3554299.27,0,1,0,0,1,,Medium,2,Medium
1,TRANSFER,1440296.14,0.0,0.0,17664818.4,19169204.93,0,1,1,0,1,,Very High,3,High
1,TRANSFER,799483.57,0.0,0.0,1122398.75,3554299.27,0,1,1,0,1,,High,3,High
1,TRANSFER,969631.31,0.0,0.0,2134967.54,6453430.91,0,1,1,0,1,,High,3,High
1,TRANSFER,483544.3,0.0,0.0,876379.19,2107778.11,0,1,0,0,1,,Medium,2,Medium
1,TRANSFER,326349.91,0.0,0.0,778150.49,1254956.07,0,1,0,0,1,,Medium,2,Medium
1,DEBIT,7546.88,51368.0,43821.12,11353.0,252055.24,0,0,0,0,0,0.1469,Low,0,Low
1,PAYMENT,2469.75,43821.12,41351.37,0.0,0.0,0,0,0,0,0,0.0564,Low,0,Low
1,DEBIT,1741.24,80942.0,79200.76,366188.92,157982.12,0,0,0,0,0,0.0215,Low,0,Low
1,PAYMENT,553.25,7522.0,6968.75,0.0,0.0,0,0,0,0,0,0.0736,Low,0,Low
1,PAYMENT,6606.31,6968.75,362.44,0.0,0.0,0,0,0,1,0,0.948,Low,1,Low
1,PAYMENT,2075.94,110403.0,108327.06,0.0,0.0,0,0,0,0,0,0.0188,Low,0,Low
1,TRANSFER,84212.94,53199.0,0.0,0.0,84212.94,0,1,0,1,0,1.583,Low,2,Medium
1,CASH_OUT,312108.51,0.0,0.0,8043910.53,12494367.15,0,1,0,0,1,,Medium,2,Medium
1,PAYMENT,1647.93,70889.0,69241.07,0.0,0.0,0,0,0,0,0,0.0232,Low,0,Low
1,PAYMENT,3533.32,38211.0,34677.68,0.0,0.0,0,0,0,0,0,0.0925,Low,0,Low
1,PAYMENT,7659.86,544.0,0.0,0.0,0.0,0,0,0,1,0,14.0806,Low,1,Low
1,PAYMENT,7203.07,290775.55,283572.48,0.0,0.0,0,0,0,0,0,0.0248,Low,0,Low
1,CASH_OUT,116206.75,283572.48,167365.73,216670.1,500631.71,0,1,0,0,1,0.4098,Low,2,Medium
1,CASH_OUT,30331.38,167365.73,137034.36,105733.69,1015132.48,0,1,0,0,1,0.1812,Low,2,Medium
1,PAYMENT,2063.77,16064.0,14000.23,0.0,0.0,0,0,0,0,0,0.1285,Low,0,Low
1,PAYMENT,3035.35,26657.0,23621.65,0.0,0.0,0,0,0,0,0,0.1139,Low,0,Low
1,CASH_OUT,123797.1,23621.65,0.0,153674.01,557537.26,0,1,0,1,1,5.2408,Low,3,High
1,DEBIT,8233.25,7024.0,0.0,14673.0,12901.08,0,0,0,1,0,1.1722,Low,1,Low
1,PAYMENT,2271.34,31346.0,29074.66,0.0,0.0,0,0,0,0,0,0.0725,Low,0,Low
1,PAYMENT,3801.74,73616.2,69814.46,0.0,0.0,0,0,0,0,0,0.0516,Low,0,Low
1,PAYMENT,1530.83,69814.46,68283.63,0.0,0.0,0,0,0,0,0,0.0219,Low,0,Low
1,PAYMENT,4833.96,41005.0,36171.04,0.0,0.0,0,0,0,0,0,0.1179,Low,0,Low
1,PAYMENT,5842.61,40.0,0.0,0.0,0.0,0,0,0,1,0,146.0653,Low,1,Low
1,PAYMENT,2871.89,653.0,0.0,0.0,0.0,0,0,0,1,0,4.398,Low,1,Low
1,DEBIT,5297.36,82134.0,76836.64,31443.78,189534.74,0,0,0,0,0,0.0645,Low,0,Low
1,TRANSFER,621561.65,123122.0,0.0,0.0,3997768.55,0,1,1,1,1,5.0483,High,4,Critical
1,PAYMENT,829.07,11199.0,10369.93,0.0,0.0,0,0,0,0,0,0.074,Low,0,Low
1,PAYMENT,3418.07,260.0,0.0,0.0,0.0,0,0,0,1,0,13.1464,Low,1,Low
1,CASH_OUT,41924.75,0.0,0.0,132870.39,32092.07,0,1,0,0,1,,Low,2,Medium
1,CASH_OUT,173597.57,0.0,0.0,3104598.86,6453430.91,0,1,0,0,1,,Low,2,Medium
1,CASH_OUT,77642.84,0.0,0.0,416103.33,9291619.62,0,1,0,0,1,,Low,2,Medium
1,CASH_OUT,144964.23,0.0,0.0,785172.07,2719172.89,0,1,0,0,1,,Low,2,Medium
1,CASH_OUT,94038.9,0.0,0.0,136065.07,1015132.48,0,1,0,0,1,,Low,2,Medium
1,CASH_OUT,26051.33,0.0,0.0,28479.11,1891.79,0,1,0,0,1,,Low,2,Medium
1,CASH_OUT,134143.27,0.0,0.0,1754894.42,3940085.21,0,1,0,0,1,,Low,2,Medium
1,CASH_OUT,497424.19,0.0,0.0,930136.3,2719172.89,0,1,0,0,1,,Medium,2,Medium
1,CASH_OUT,607616.73,0.0,0.0,1359923.49,2107778.11,0,1,1,0,1,,High,3,High
1,CASH_OUT,681093.57,0.0,0.0,844302.4,1412484.09,0,1,1,0,1,,High,3,High
1,CASH_OUT,114057.61,0.0,0.0,1427560.49,2719172.89,0,1,0,0,1,,Low,2,Medium
1,CASH_OUT,205279.62,0.0,0.0,1541618.1,2719172.89,0,1,0,0,1,,Medium,2,Medium
1,CASH_OUT,173512.93,0.0,0.0,8354718.14,10681238.79,0,1,0,0,1,,Low,2,Medium
1,CASH_OUT,166817.98,0.0,0.0,721630.0,0.0,0,1,0,0,1,,Low,2,Medium
1,CASH_OUT,113283.13,0.0,0.0,123001.91,215851.28,0,1,0,0,1,,Low,2,Medium
1,CASH_OUT,179030.05,0.0,0.0,1357232.47,2107965.39,0,1,0,0,1,,Low,2,Medium
1,CASH_OUT,94332.0,0.0,0.0,621561.65,3997768.55,0,1,0,0,1,,Low,2,Medium
1,CASH_OUT,141111.15,0.0,0.0,622023.34,1186556.81,0,1,0,0,1,,Low,2,Medium
1,CASH_OUT,45756.23,0.0,0.0,1393202.52,3420103.09,0,1,0,0,1,,Low,2,Medium
1,CASH_OUT,6039.61,0.0,0.0,31164.0,37203.61,0,1,0,0,0,,Low,1,Low
1,CASH_OUT,46261.02,0.0,0.0,85758.95,52415.15,0,1,0,0,1,,Low,2,Medium
1,CASH_OUT,312471.16,0.0,0.0,1803420.75,4619798.56,0,1,0,0,1,,Medium,2,Medium
1,CASH_OUT,195490.04,0.0,0.0,1104500.4,1254956.07,0,1,0,0,1,,Low,2,Medium
1,CASH_OUT,107308.84,0.0,0.0,124605.82,66575.5,0,1,0,0,1,,Low,2,Medium
1,CASH_OUT,48252.82,0.0,0.0,1889037.69,3940085.21,0,1,0,0,1,,Low,2,Medium
1,CASH_OUT,25674.03,0.0,0.0,30563.0,6830.83,0,1,0,0,1,,Low,2,Medium
1,CASH_OUT,63830.49,0.0,0.0,412307.54,55974.56,0,1,0,0,1,,Low,2,Medium
1,CASH_OUT,96178.8,0.0,0.0,111973.96,277515.05,0,1,0,0,1,,Low,2,Medium
1,CASH_OUT,155122.86,0.0,0.0,367930.17,157982.12,0,1,0,0,1,,Low,2,Medium
1,CASH_OUT,171757.76,0.0,0.0,205811.8,0.0,0,1,0,0,1,,Low,2,Medium
1,CASH_OUT,8809.04,0.0,0.0,137034.36,1363368.51,0,1,0,0,1,,Low,2,Medium
1,CASH_OUT,27320.2,0.0,0.0,79191.11,0.0,0,1,0,0,1,,Low,2,Medium
1,CASH_OUT,517915.91,0.0,0.0,4404060.84,22190.99,0,1,1,0,1,,High,3,High
1,CASH_OUT,34629.16,0.0,0.0,38735.74,0.0,0,1,0,0,1,,Low,2,Medium
1,CASH_OUT,94296.25,0.0,0.0,336692.95,1178808.14,0,1,0,0,1,,Low,2,Medium
1,CASH_OUT,285360.06,0.0,0.0,715893.66,3997768.55,0,1,0,0,1,,Medium,2,Medium
1,CASH_OUT,161445.91,0.0,0.0,277471.11,557537.26,0,1,0,0,1,,Low,2,Medium
1,CASH_OUT,386683.04,0.0,0.0,1352623.44,1517262.16,0,1,0,0,1,,Medium,2,Medium
1,CASH_OUT,169854.57,0.0,0.0,8528231.07,10681238.79,0,1,0,0,1,,Low,2,Medium
1,CASH_OUT,126167.7,0.0,0.0,3278196.43,6453430.91,0,1,0,0,1,,Low,2,Medium
1,CASH_OUT,152757.58,0.0,0.0,8356019.04,12494367.15,0,1,0,0,1,,Low,2,Medium
1,CASH_OUT,49661.18,0.0,0.0,1937290.51,3940085.21,0,1,0,0,1,,Low,2,Medium
1,CASH_OUT,73513.5,0.0,0.0,236639.0,424250.45,0,1,0,0,1,,Low,2,Medium
1,CASH_OUT,166335.32,0.0,0.0,1739306.48,1517262.16,0,1,0,0,1,,Low,2,Medium
1,CASH_OUT,234268.82,0.0,0.0,310152.51,424250.45,0,1,0,0,1,,Medium,2,Medium
1,CASH_OUT,306280.12,0.0,0.0,1536262.52,2107965.39,0,1,0,0,1,,Medium,2,Medium
1,CASH_OUT,194620.68,0.0,0.0,610710.98,3461666.05,0,1,0,0,1,,Low,2,Medium
1,CASH_OUT,128278.74,0.0,0.0,8508776.62,12494367.15,0,1,0,0,1,,Low,2,Medium
1,CASH_OUT,256773.54,0.0,0.0,888447.97,0.0,0,1,0,0,1,,Medium,2,Medium
1,CASH_OUT,105759.12,0.0,0.0,332876.84,500631.71,0,1,0,0,1,,Low,2,Medium
1,CASH_OUT,59390.46,0.0,0.0,73791.34,965870.05,0,1,0,0,1,,Low,2,Medium
1,CASH_OUT,131991.26,0.0,0.0,1145221.51,0.0,0,1,0,0,1,,Low,2,Medium
1,CASH_OUT,65025.3,0.0,0.0,133181.81,965870.05,0,1,0,0,1,,Low,2,Medium
1,CASH_OUT,82054.36,0.0,0.0,174795.14,32092.07,0,1,0,0,1,,Low,2,Medium
1,CASH_OUT,69708.79,0.0,0.0,71982.88,353532.56,0,1,0,0,1,,Low,2,Medium
1,CASH_OUT,9104.26,0.0,0.0,10623.0,19727.26,0,1,0,0,0,,Low,1,Low
1,CASH_OUT,92553.64,0.0,0.0,297655.51,23508.22,0,1,0,0,1,,Low,2,Medium
1,CASH_OUT,66312.08,0.0,0.0,544421.33,424250.45,0,1,0,0,1,,Low,2,Medium
1,CASH_OUT,142282.63,0.0,0.0,805331.66,3461666.05,0,1,0,0,1,,Low,2,Medium
1,CASH_OUT,114499.14,0.0,0.0,129297.57,420946.86,0,1,0,0,1,,Low,2,Medium
1,CASH_OUT,76635.24,0.0,0.0,102696.35,92307.65,0,1,0,0,1,,Low,2,Medium
1,CASH_OUT,132574.0,0.0,0.0,198207.11,965870.05,0,1,0,0,1,,Low,2,Medium
1,CASH_OUT,39485.21,0.0,0.0,9987286.56,16874643.09,0,1,0,0,1,,Low,2,Medium
1,CASH_OUT,236825.42,0.0,0.0,243796.7,420946.86,0,1,0,0,1,,Medium,2,Medium
1,CASH_OUT,327066.19,0.0,0.0,947614.29,3461666.05,0,1,0,0,1,,Medium,2,Medium
1,CASH_OUT,156819.6,0.0,0.0,438635.96,500631.71,0,1,0,0,1,,Low,2,Medium
1,CASH_OUT,13136.44,0.0,0.0,1525395.97,1412484.09,0,1,0,0,1,,Low,2,Medium
1,PAYMENT,4306.89,256849.49,252542.6,0.0,0.0,0,0,0,0,0,0.0168,Low,0,Low
1,PAYMENT,8309.52,252542.6,244233.08,0.0,0.0,0,0,0,0,0,0.0329,Low,0,Low
1,PAYMENT,5363.35,81503.83,76140.48,0.0,0.0,0,0,0,0,0,0.0658,Low,0,Low
1,PAYMENT,132.42,76140.48,76008.06,0.0,0.0,0,0,0,0,0,0.0017,Low,0,Low
1,PAYMENT,19644.08,76008.06,56363.98,0.0,0.0,0,0,0,0,0,0.2584,Low,0,Low
1,PAYMENT,895.24,56363.98,55468.74,0.0,0.0,0,0,0,0,0,0.0159,Low,0,Low
1,PAYMENT,7641.08,55468.74,47827.66,0.0,0.0,0,0,0,0,0,0.1378,Low,0,Low
1,PAYMENT,31188.22,47827.66,16639.44,0.0,0.0,0,0,0,0,0,0.6521,Low,0,Low
1,PAYMENT,13954.75,16639.44,2684.69,0.0,0.0,0,0,0,0,0,0.8387,Low,0,Low
1,PAYMENT,10497.33,2684.69,0.0,0.0,0.0,0,0,0,1,0,3.9101,Low,1,Low
1,PAYMENT,5843.75,0.0,0.0,0.0,0.0,0,0,0,0,0,,Low,0,Low
1,PAYMENT,7260.2,0.0,0.0,0.0,0.0,0,0,0,0,0,,Low,0,Low
1,PAYMENT,10285.86,0.0,0.0,0.0,0.0,0,0,0,0,0,,Low,0,Low
1,PAYMENT,6249.78,0.0,0.0,0.0,0.0,0,0,0,0,0,,Low,0,Low
1,PAYMENT,848.74,0.0,0.0,0.0,0.0,0,0,0,0,0,,Low,0,Low
1,PAYMENT,6993.7,0.0,0.0,0.0,0.0,0,0,0,0,0,,Low,0,Low
1,PAYMENT,795.29,10360.0,9564.71,0.0,0.0,0,0,0,0,0,0.0768,Low,0,Low
1,PAYMENT,9191.46,0.0,0.0,0.0,0.0,0,0,0,0,0,,Low,0,Low
1,CASH_OUT,132038.41,0.0,0.0,230103.96,1015132.48,0,1,0,0,1,,Low,2,Medium
1,PAYMENT,6495.27,22040.0,15544.73,0.0,0.0,0,0,0,0,0,0.2947,Low,0,Low
1,PAYMENT,1679.68,15544.73,13865.06,0.0,0.0,0,0,0,0,0,0.1081,Low,0,Low
1,TRANSFER,47477.97,6066.0,0.0,144658.38,15375.37,0,1,0,1,1,7.8269,Low,3,High
1,DEBIT,1260.62,1483.0,222.38,10086.0,9837.06,0,0,0,0,0,0.85,Low,0,Low
1,PAYMENT,15034.23,40458.0,25423.77,0.0,0.0,0,0,0,0,0,0.3716,Low,0,Low
1,PAYMENT,3238.39,28773.0,25534.61,0.0,0.0,0,0,0,0,0,0.1125,Low,0,Low
1,CASH_OUT,251241.14,25534.61,0.0,523053.03,157982.12,0,1,0,1,1,9.8392,Medium,3,High
1,PAYMENT,3644.12,1230.0,0.0,0.0,0.0,0,0,0,1,0,2.9627,Low,1,Low
1,CASH_OUT,283123.48,497409.0,214285.52,16872.0,247063.16,0,1,0,0,1,0.5692,Medium,2,Medium
1,PAYMENT,2851.83,10646.0,7794.17,0.0,0.0,0,0,0,0,0,0.2679,Low,0,Low
1,CASH_IN,94726.64,69854.13,164580.77,129704.88,49864.36,0,0,0,1,0,1.3561,Low,1,Low
1,PAYMENT,17020.69,164580.77,147560.08,0.0,0.0,0,0,0,0,0,0.1034,Low,0,Low
1,PAYMENT,6523.19,147560.08,141036.89,0.0,0.0,0,0,0,0,0,0.0442,Low,0,Low
1,PAYMENT,1383.56,5309.0,3925.44,0.0,0.0,0,0,0,0,0,0.2606,Low,0,Low
1,DEBIT,1580.66,31156.0,29575.34,12298.0,0.0,0,0,0,0,0,0.0507,Low,0,Low
1,PAYMENT,2466.95,34978.24,32511.29,0.0,0.0,0,0,0,0,0,0.0705,Low,0,Low
1,PAYMENT,1017.85,32511.29,31493.45,0.0,0.0,0,0,0,0,0,0.0313,Low,0,Low
1,PAYMENT,2270.41,60640.12,58369.71,0.0,0.0,0,0,0,0,0,0.0374,Low,0,Low
1,CASH_OUT,102265.88,58369.71,0.0,1438958.75,3420103.09,0,1,0,1,1,1.752,Low,3,High
1,DEBIT,13758.63,29858.0,16099.37,21305.0,0.0,0,0,0,0,0,0.4608,Low,0,Low
1,CASH_IN,5221.77,1046.0,6267.77,0.0,139555.44,0,0,0,1,0,4.9921,Low,1,Low
1,PAYMENT,12256.66,20800.0,8543.34,0.0,0.0,0,0,0,0,0,0.5893,Low,0,Low
1,PAYMENT,8227.3,6207.0,0.0,0.0,0.0,0,0,0,1,0,1.3255,Low,1,Low
1,PAYMENT,527.15,72421.0,71893.85,0.0,0.0,0,0,0,0,0,0.0073,Low,0,Low
1,PAYMENT,950.25,204944.0,203993.75,0.0,0.0,0,0,0,0,0,0.0046,Low,0,Low
1,PAYMENT,12728.46,83636.0,70907.54,0.0,0.0,0,0,0,0,0,0.1522,Low,0,Low
1,PAYMENT,1002.96,8325.0,7322.04,0.0,0.0,0,0,0,0,0,0.1205,Low,0,Low
1,PAYMENT,6917.1,13555.0,6637.9,0.0,0.0,0,0,0,0,0,0.5103,Low,0,Low
1,PAYMENT,1977.17,43619.0,41641.83,0.0,0.0,0,0,0,0,0,0.0453,Low,0,Low
1,PAYMENT,9314.84,104536.0,95221.16,0.0,0.0,0,0,0,0,0,0.0891,Low,0,Low
1,PAYMENT,1157.05,52867.0,51709.95,0.0,0.0,0,0,0,0,0,0.0219,Low,0,Low
1,DEBIT,3766.99,16600.0,12833.01,146166.67,46393.85,0,0,0,0,0,0.2269,Low,0,Low
1,PAYMENT,3464.41,5548.0,2083.59,0.0,0.0,0,0,0,0,0,0.6244,Low,0,Low
1,CASH_OUT,68662.06,2083.59,0.0,145843.39,1363368.51,0,1,0,1,1,32.9537,Low,3,High
1,DEBIT,8679.29,150592.0,141912.71,21056.0,0.0,0,0,0,0,0,0.0576,Low,0,Low
1,PAYMENT,15266.05,13679.0,0.0,0.0,0.0,0,0,0,1,0,1.116,Low,1,Low
1,PAYMENT,8348.75,0.0,0.0,0.0,0.0,0,0,0,0,0,,Low,0,Low
1,PAYMENT,8419.73,0.0,0.0,0.0,0.0,0,0,0,0,0,,Low,0,Low
1,PAYMENT,6688.74,9207.0,2518.26,0.0,0.0,0,0,0,0,0,0.7265,Low,0,Low
1,PAYMENT,1979.94,82034.0,80054.06,0.0,0.0,0,0,0,0,0,0.0241,Low,0,Low
1,PAYMENT,9574.31,52463.0,42888.69,0.0,0.0,0,0,0,0,0,0.1825,Low,0,Low
1,PAYMENT,5287.68,11424.0,6136.32,0.0,0.0,0,0,0,0,0,0.4629,Low,0,Low
1,PAYMENT,10627.18,6136.32,0.0,0.0,0.0,0,0,0,1,0,1.7318,Low,1,Low
1,PAYMENT,5809.78,99884.0,94074.22,0.0,0.0,0,0,0,0,0,0.0582,Low,0,Low
1,TRANSFER,411363.54,39951.0,0.0,52170.0,60738.03,0,1,0,1,1,10.2967,Medium,3,High
1,PAYMENT,4086.5,0.0,0.0,0.0,0.0,0,0,0,0,0,,Low,0,Low
1,PAYMENT,19741.22,81762.38,62021.17,0.0,0.0,0,0,0,0,0,0.2414,Low,0,Low
1,PAYMENT,5270.72,62021.17,56750.45,0.0,0.0,0,0,0,0,0,0.085,Low,0,Low
1,CASH_IN,55827.09,9907.0,65734.09,19873.0,1268668.92,0,0,0,1,0,5.6351,Low,1,Low
1,CASH_OUT,174068.82,65734.09,0.0,1905641.8,1517262.16,0,1,0,1,1,2.6481,Low,3,High
1,TRANSFER,1277212.77,1277212.77,0.0,0.0,0.0,1,1,1,1,1,1.0,Very High,4,Critical
1,CASH_OUT,1277212.77,1277212.77,0.0,0.0,2444985.19,1,1,1,1,1,1.0,Very High,4,Critical
1,CASH_IN,24105.5,144.0,24249.5,20875.0,0.0,0,0,0,1,0,167.3993,Low,1,Low
1,PAYMENT,6854.06,19853.0,12998.94,0.0,0.0,0,0,0,0,0,0.3452,Low,0,Low
1,CASH_OUT,111899.09,12998.94,0.0,10026771.77,16874643.09,0,1,0,1,1,8.6083,Low,3,High
1,PAYMENT,1231.79,20792.0,19560.21,0.0,0.0,0,0,0,0,0,0.0592,Low,0,Low
1,PAYMENT,3380.1,19560.21,16180.11,0.0,0.0,0,0,0,0,0,0.1728,Low,0,Low
1,DEBIT,2869.65,8768.0,5898.35,15485.0,5484.37,0,0,0,0,0,0.3273,Low,0,Low
1,PAYMENT,1658.87,16543.0,14884.13,0.0,0.0,0,0,0,0,0,0.1003,Low,0,Low
1,PAYMENT,823.36,14884.13,14060.77,0.0,0.0,0,0,0,0,0,0.0553,Low,0,Low
1,PAYMENT,7541.47,14060.77,6519.3,0.0,0.0,0,0,0,0,0,0.5363,Low,0,Low
1,DEBIT,3635.93,106929.0,103293.07,95816.79,8496.61,0,0,0,0,0,0.034,Low,0,Low
1,PAYMENT,1328.59,14469.0,13140.41,0.0,0.0,0,0,0,0,0,0.0918,Low,0,Low
1,TRANSFER,56145.85,21528.0,0.0,5075.0,33008.44,0,1,0,1,1,2.608,Low,3,High
1,PAYMENT,973.18,10762.0,9788.82,0.0,0.0,0,0,0,0,0,0.0904,Low,0,Low
1,PAYMENT,619.24,31960.0,31340.76,0.0,0.0,0,0,0,0,0,0.0194,Low,0,Low
1,DEBIT,300.41,39167.0,38866.59,48749.55,46820.71,0,0,0,0,0,0.0077,Low,0,Low
1,TRANSFER,700967.19,15383.0,0.0,50767.43,130747.56,0,1,1,1,1,45.5677,High,4,Critical
1,PAYMENT,8354.27,5611.0,0.0,0.0,0.0,0,0,0,1,0,1.4889,Low,1,Low
1,DEBIT,5423.28,20281.0,14857.72,11523.0,0.0,0,0,0,0,0,0.2674,Low,0,Low
1,PAYMENT,708.59,14857.72,14149.13,0.0,0.0,0,0,0,0,0,0.0477,Low,0,Low
1,PAYMENT,8358.81,3467.0,0.0,0.0,0.0,0,0,0,1,0,2.411,Low,1,Low
1,PAYMENT,2245.62,30910.0,28664.38,0.0,0.0,0,0,0,0,0,0.0727,Low,0,Low
1,PAYMENT,4593.59,78282.0,73688.41,0.0,0.0,0,0,0,0,0,0.0587,Low,0,Low
1,PAYMENT,399.66,153760.0,153360.34,0.0,0.0,0,0,0,0,0,0.0026,Low,0,Low
1,PAYMENT,1617.9,507865.0,506247.1,0.0,0.0,0,0,0,0,0,0.0032,Low,0,Low
1,PAYMENT,2167.26,13669.0,11501.74,0.0,0.0,0,0,0,0,0,0.1586,Low,0,Low
1,PAYMENT,9738.95,289748.0,280009.05,0.0,0.0,0,0,0,0,0,0.0336,Low,0,Low
1,PAYMENT,3396.25,18524.0,15127.75,0.0,0.0,0,0,0,0,0,0.1833,Low,0,Low
1,PAYMENT,6780.78,52640.0,45859.22,0.0,0.0,0,0,0,0,0,0.1288,Low,0,Low
1,PAYMENT,2284.54,539.0,0.0,0.0,0.0,0,0,0,1,0,4.2385,Low,1,Low
